-- phpMyAdmin SQL Dump
-- version 5.2.0
-- https://www.phpmyadmin.net/
--
-- 主機： 127.0.0.1
-- 產生時間： 2022-06-29 09:31:26
-- 伺服器版本： 10.4.24-MariaDB
-- PHP 版本： 8.1.6

SET SQL_MODE = "NO_AUTO_VALUE_ON_ZERO";
START TRANSACTION;
SET time_zone = "+00:00";


/*!40101 SET @OLD_CHARACTER_SET_CLIENT=@@CHARACTER_SET_CLIENT */;
/*!40101 SET @OLD_CHARACTER_SET_RESULTS=@@CHARACTER_SET_RESULTS */;
/*!40101 SET @OLD_COLLATION_CONNECTION=@@COLLATION_CONNECTION */;
/*!40101 SET NAMES utf8mb4 */;

--
-- 資料庫： `functionpop4`
--

-- --------------------------------------------------------

--
-- 資料表結構 `categories`
--

CREATE TABLE `categories` (
  `category_id` int(10) NOT NULL,
  `category_name` varchar(255) COLLATE utf8mb4_unicode_ci NOT NULL
) ENGINE=InnoDB DEFAULT CHARSET=utf8mb4 COLLATE=utf8mb4_unicode_ci;

--
-- 傾印資料表的資料 `categories`
--

INSERT INTO `categories` (`category_id`, `category_name`) VALUES
(1, '上衣'),
(2, '下著'),
(3, '包'),
(4, '帽子'),
(5, '洋裝'),
(6, '裙子'),
(7, '鞋');

-- --------------------------------------------------------

--
-- 資料表結構 `customer_id`
--

CREATE TABLE `customer_id` (
  `id` int(11) NOT NULL,
  `cName` varchar(20) NOT NULL,
  `cBirth` varchar(10) NOT NULL,
  `cgender` enum('M','F','X') NOT NULL,
  `cAccount` varchar(50) NOT NULL,
  `cPhone` varchar(10) DEFAULT NULL,
  `cAddr` varchar(50) DEFAULT NULL,
  `cPassword` varchar(60) NOT NULL
) ENGINE=InnoDB DEFAULT CHARSET=utf8;

--
-- 傾印資料表的資料 `customer_id`
--

INSERT INTO `customer_id` (`id`, `cName`, `cBirth`, `cgender`, `cAccount`, `cPhone`, `cAddr`, `cPassword`) VALUES
(1, '徐豪彬', '1978-11-30', 'F', '199822wwdca@superstar.com', '0917785456', '臺中市北區崇德路10號', '1s8sv6'),
(2, '徐博美', '1995-12-18', 'F', 'crqqqt37476al@superstar.com', '0907458865', '苗栗縣公館鄉仁愛路11號', '2g2bdb'),
(3, '蔡偉平', '1983-05-05', 'M', 'elBBB4446ven@superstar.com', '0944588876', '臺中市石岡區廣華街32號', '1821ww'),
(4, '簡靖君', '1997-08-06', 'F', 'eldfs44446ven@superstar.com', '0988588876', '宜蘭縣冬山鄉寶慶二路33號', '354366'),
(5, '王八博', '1983-09-06', 'M', 'fdppp3g43trhs@superstar.com', '0918978888', '屏東縣內埔鄉東川18號', '1821w6'),
(6, '潘勝敬', '1970-08-28', 'M', 'ig34FH25n45ie@superstar.com', '0914558868', ' 雲林縣西螺鎮廣興路3號', '235ytr'),
(7, '賴勝寧', '1999-08-28', 'M', 'ihgff354gfhne@superstar.com', '0946888535', '台北市建國路177號6樓', '357211'),
(8, '陳天寧', '1986-10-01', 'M', 'ivybfh2235bfb@superstar.com', '0955881230', '新北市蘆洲區長樂路3號', '156517'),
(9, '黃楚輪', '1988-12-07', 'M', 'jindfvglunsdf@superstar.com', '0958881111', '新北市三峽區金敏7號', '63463t'),
(10, '趙文豪', '1985-05-02', 'M', 'jiSSlunsdf@superstar.com', '0924881111', '臺南市東區裕和路23號', '15v1ww'),
(11, '徐洋洋', '1987-11-19', 'M', 'lasvsfbd2vnla@superstar.com', '0918885456', '彰化縣埔心鄉仁五路35號', '4g2bsw'),
(12, '柯韋志', '1985-04-12', 'F', 'lovek5n45ie@superstar.com', '0914258868', '  嘉義市西區泰瑞一街12號', '15v1ww'),
(13, '林柯基', '1994-02-18', 'X', 'pekkffk3434ky@superstar.com', '0916556883', '臺中市北區天津一街16號', '4v216u'),
(14, '李豐瑤', '1972-04-11', 'F', 'qaz5151ne@superstar.com', '0946777535', '臺北市南港區重陽路21號', '1svvww'),
(15, '李文婷', '1987-03-15', 'M', 'qzaqz11@superstar.com', '0916551742', '高雄市大寮區會昭街30號', '4bfdmd'),
(16, '張金鳳', '1978-12-04', 'F', 'wcd516222@superstar.com', '0907454512', '高雄市大社區民族路20號', 'sfdfdf'),
(17, '吳文華', '1969-02-15', 'X', 'werre34455@superstar.com', '0918979999', '宜蘭縣三星鄉忠平路22號', 'sfdf33'),
(18, '黃君幸', '1975-07-01', 'F', 'wsx435bfb@superstar.com', '0957272230', '桃園市新屋區清華路4號', '1s855w'),
(19, '黃好輪', '1984-10-17', 'M', 'zhsdg5gbgr3ng@superstar.com', '0951988366', '台北市三民路1巷10號', 'v52747'),
(20, '楊維瑞', '1977-07-07', 'F', 'zhsdwsxedcr3ng@superstar.com', '0956688366', ' 雲林縣元長鄉中洽3號', '1s8sv5');

-- --------------------------------------------------------

--
-- 資料表結構 `inventories`
--

CREATE TABLE `inventories` (
  `inventory_id` int(11) NOT NULL,
  `product_all_id` int(11) NOT NULL,
  `inventory_quantity` int(11) NOT NULL
) ENGINE=InnoDB DEFAULT CHARSET=utf8;

--
-- 傾印資料表的資料 `inventories`
--

INSERT INTO `inventories` (`inventory_id`, `product_all_id`, `inventory_quantity`) VALUES
(1, 1, 10),
(2, 2, 10),
(3, 3, 10),
(4, 4, 10),
(5, 5, 10),
(6, 6, 10),
(7, 7, 10),
(8, 8, 10),
(9, 9, 10),
(10, 10, 10),
(11, 11, 10),
(12, 12, 10),
(13, 13, 10),
(14, 14, 10),
(15, 15, 10),
(16, 16, 10),
(17, 17, 10),
(18, 18, 10),
(19, 19, 10),
(20, 20, 10),
(21, 21, 10),
(22, 22, 10),
(23, 23, 10),
(24, 24, 10),
(25, 25, 10),
(26, 26, 10),
(27, 27, 10),
(28, 28, 10),
(29, 29, 10),
(30, 30, 10),
(31, 31, 10),
(32, 32, 10),
(33, 33, 10),
(34, 34, 10),
(35, 35, 10),
(36, 36, 10),
(37, 37, 10),
(38, 38, 10),
(39, 39, 10),
(40, 40, 10),
(41, 41, 10),
(42, 42, 10),
(43, 43, 10),
(44, 44, 10),
(45, 45, 10),
(46, 46, 10),
(47, 47, 10),
(48, 48, 10),
(49, 49, 10),
(50, 50, 10),
(51, 51, 10),
(52, 52, 10),
(53, 53, 10),
(54, 54, 10),
(55, 55, 10),
(56, 56, 10),
(57, 57, 10),
(58, 58, 10),
(59, 59, 10),
(60, 60, 10),
(61, 61, 10),
(62, 62, 10),
(63, 63, 10),
(64, 64, 10),
(65, 65, 10),
(66, 66, 10),
(67, 67, 10),
(68, 68, 10),
(69, 69, 10),
(70, 70, 10),
(71, 71, 10),
(72, 72, 10),
(73, 73, 10),
(74, 74, 10),
(75, 75, 10),
(76, 76, 10),
(77, 77, 10),
(78, 78, 10),
(79, 79, 10),
(80, 80, 10),
(81, 81, 10),
(82, 82, 10),
(83, 83, 10),
(84, 84, 10),
(85, 85, 10),
(86, 86, 10),
(87, 87, 10),
(88, 88, 10),
(89, 89, 10),
(90, 90, 10),
(91, 91, 10),
(92, 92, 10),
(93, 93, 10),
(94, 94, 10),
(95, 95, 10),
(96, 96, 10),
(97, 97, 10),
(98, 98, 10),
(99, 99, 10),
(100, 100, 10),
(101, 101, 10),
(102, 102, 10),
(103, 103, 10),
(104, 104, 10),
(105, 105, 10),
(106, 106, 10),
(107, 107, 10),
(108, 108, 10),
(109, 109, 10),
(110, 110, 10),
(111, 111, 10),
(112, 112, 10),
(113, 113, 10),
(114, 114, 10),
(115, 115, 10),
(116, 116, 10),
(117, 117, 10),
(118, 118, 10),
(119, 119, 10),
(120, 120, 10),
(121, 121, 10),
(122, 122, 10),
(123, 123, 10),
(124, 124, 10),
(125, 125, 10),
(126, 126, 10),
(127, 127, 10),
(128, 128, 10),
(129, 129, 10),
(130, 130, 10),
(131, 131, 10),
(132, 132, 10),
(133, 133, 10),
(134, 134, 10),
(135, 135, 10),
(136, 136, 10),
(137, 137, 10),
(138, 138, 10),
(139, 139, 10),
(140, 140, 10),
(141, 141, 10),
(142, 142, 10),
(143, 143, 10),
(144, 144, 10),
(145, 145, 10),
(146, 146, 10),
(147, 147, 10),
(148, 148, 10),
(149, 149, 10),
(150, 150, 10),
(151, 151, 10),
(152, 152, 10),
(153, 153, 10),
(154, 154, 10),
(155, 155, 10),
(156, 156, 10),
(157, 157, 10),
(158, 158, 10),
(159, 159, 10),
(160, 160, 10),
(161, 161, 10),
(162, 162, 10),
(163, 163, 10),
(164, 164, 10),
(165, 165, 10),
(166, 166, 10),
(167, 167, 10),
(168, 168, 10),
(169, 169, 10),
(170, 170, 10),
(171, 171, 10),
(172, 172, 10),
(173, 173, 10),
(174, 174, 10),
(175, 175, 10),
(176, 176, 10),
(177, 177, 10),
(178, 178, 10),
(179, 179, 10),
(180, 180, 10),
(181, 181, 10),
(182, 182, 10),
(183, 183, 10),
(184, 184, 10),
(185, 185, 10),
(186, 186, 10),
(187, 187, 10),
(188, 188, 10),
(189, 189, 10),
(190, 190, 10),
(191, 191, 10),
(192, 192, 10),
(193, 193, 10),
(194, 194, 10),
(195, 195, 10),
(196, 196, 10),
(197, 197, 10),
(198, 198, 10),
(199, 199, 10),
(200, 200, 10),
(201, 201, 10),
(202, 202, 10),
(203, 203, 10),
(204, 204, 10),
(205, 205, 10),
(206, 206, 10),
(207, 207, 10),
(208, 208, 10),
(209, 209, 10),
(210, 210, 10),
(211, 211, 10);

-- --------------------------------------------------------

--
-- 資料表結構 `orders`
--

CREATE TABLE `orders` (
  `order_id` int(11) NOT NULL,
  `order_cost` decimal(6,0) NOT NULL,
  `order_status` varchar(100) NOT NULL DEFAULT 'on_hold',
  `user_id` int(11) NOT NULL,
  `user_phone` int(11) NOT NULL,
  `user_city` varchar(255) NOT NULL,
  `user_address` varchar(255) NOT NULL,
  `order_date` datetime NOT NULL DEFAULT current_timestamp()
) ENGINE=InnoDB DEFAULT CHARSET=utf8;

-- --------------------------------------------------------

--
-- 資料表結構 `order_items`
--

CREATE TABLE `order_items` (
  `item_id` int(11) NOT NULL,
  `order_id` int(11) NOT NULL,
  `product_id` varchar(255) NOT NULL,
  `product_name` varchar(255) NOT NULL,
  `product_image` varchar(255) NOT NULL,
  `user_id` int(11) NOT NULL,
  `order_date` datetime NOT NULL DEFAULT current_timestamp()
) ENGINE=InnoDB DEFAULT CHARSET=utf8;

-- --------------------------------------------------------

--
-- 資料表結構 `payments`
--

CREATE TABLE `payments` (
  `payment_id` int(11) NOT NULL,
  `order_id` int(11) NOT NULL,
  `user_id` int(11) NOT NULL,
  `transaction_id` varchar(250) NOT NULL
) ENGINE=InnoDB DEFAULT CHARSET=utf8;

-- --------------------------------------------------------

--
-- 資料表結構 `products`
--

CREATE TABLE `products` (
  `product_id` int(11) NOT NULL,
  `product_name` varchar(100) NOT NULL,
  `product_category` varchar(100) NOT NULL,
  `product_gender` varchar(100) NOT NULL,
  `product_description` varchar(255) NOT NULL,
  `product_composition` varchar(255) NOT NULL,
  `product_image` varchar(255) NOT NULL,
  `product_image2` varchar(255) NOT NULL,
  `product_image3` varchar(255) NOT NULL,
  `product_image4` varchar(255) NOT NULL,
  `product_price` decimal(6,0) DEFAULT NULL,
  `product_special_offer` int(2) DEFAULT NULL,
  `product_code` varchar(255) NOT NULL,
  `product_update` timestamp NOT NULL DEFAULT current_timestamp() ON UPDATE current_timestamp(),
  `product_upload` timestamp NOT NULL DEFAULT current_timestamp(),
  `product_rating` varchar(10) NOT NULL
) ENGINE=InnoDB DEFAULT CHARSET=utf8;

--
-- 傾印資料表的資料 `products`
--

INSERT INTO `products` (`product_id`, `product_name`, `product_category`, `product_gender`, `product_description`, `product_composition`, `product_image`, `product_image2`, `product_image3`, `product_image4`, `product_price`, `product_special_offer`, `product_code`, `product_update`, `product_upload`, `product_rating`) VALUES
(1, '休閒剪裁棉質T恤', '上衣', 'Male', 'T恤，柔軟棉質平紋布料，休閒剪裁。細羅紋圓領，垂肩設計，直身下襬。', '棉 100%', 'FP1_80100001_beige_0.jpg', 'FP1_80100001_turquoise_0.jpg', 'FP1_80100001_beige_1.webp', 'FP1_80100001_turquoise_1.webp', '499', NULL, 'FP1_80100001', '2022-06-28 18:13:31', '2022-06-11 19:18:39', '4.21'),
(2, '標準剪裁T恤', '上衣', 'Male', '圓領T恤，柔軟粗紡棉質平紋布料，有開口式單胸袋。', '棉 100%', 'FP1_80100002_black_0.jpg', 'FP1_80100002_lightblue_0.jpg', 'FP1_80100002_turquoise_0.jpg', 'FP1_80100002_white_0.jpg', '349', NULL, 'FP1_80100002', '2022-06-28 17:57:55', '2022-06-11 19:18:39', '3.92'),
(3, '加大碼棉質T恤', '上衣', 'Male', '加大碼T恤，棉質平紋布料，羅紋圓領，垂肩設計。', '棉 100%', 'FP1_80100003_lightgreen_0.jpg', 'FP1_80100003_lightgreen_1.jpg', 'FP1_80100003_white_0.jpg', 'FP1_80100003_white_1.jpg', '499', NULL, 'FP1_80100003', '2022-06-28 17:58:01', '2022-06-11 19:18:39', '4.44'),
(4, '休閒剪裁圖案T恤', '上衣', 'Male', '圖案T恤，柔軟棉質平紋布料，休閒剪裁。羅紋圓領，垂肩設計，直身下襬。', '棉 100%', 'FP1_80100004_lightblue_0.jpg', 'FP1_80100004_lightblue_1.webp', 'FP1_80100004_lightblue_2.webp', 'FP1_80100004_lightblue_3.webp', '699', NULL, 'FP1_80100004', '2022-06-28 17:58:05', '2022-06-11 19:18:39', '4.70'),
(5, '休閒剪裁圖案T恤', '上衣', 'Male', '圖案T恤，柔軟棉質平紋布料，休閒剪裁。羅紋圓領，垂肩設計，直身下襬。', '棉 100%', 'FP1_80100005_white_0.jpg', 'FP1_80100005_white_1.jpg', 'FP1_80100005_white_2.jpg', 'FP1_80100005_white_3.jpg', '699', NULL, 'FP1_80100005', '2022-06-28 17:58:23', '2022-06-11 19:26:34', '4.51'),
(6, '休閒剪裁棉質T恤', '上衣', 'Male', '柔軟棉質平紋T恤，休閒剪裁，印有圖案。羅紋圓領，垂肩設計，直身下襬。', '棉 100%', 'FP1_80100006_blue_0.jpg', 'FP1_80100006_blue_1.jpg', 'FP1_80100006_blue_2.jpg', 'FP1_80100006_blue_3.jpg', '349', NULL, 'FP1_80100006', '2022-06-28 17:58:28', '2022-06-11 19:33:39', '4.48'),
(7, '棉質Polo衫', '上衣', 'Male', '棉質網眼Polo衫，羅紋衣領，鈕扣半開襟，短袖有羅紋袖口，兩側開衩。', '棉 100%', 'FP1_80100007_black_0.jpg', 'FP1_80100007_black_1.jpg', 'FP1_80100007_black_2.jpg', 'FP1_80100007_black_3.jpg', '349', NULL, 'FP1_80100007', '2022-06-28 17:58:35', '2022-06-11 21:46:51', '3.92'),
(8, '休閒剪裁圖案T恤', '上衣', 'Male', '圖案T恤，柔軟棉質平紋布料。休閒剪裁。', '棉 100%', 'FP1_80100008_lightpink_0.jpg', 'FP1_80100008_lightpink_1.jpg', 'FP1_80100008_lightpink_2.jpg', 'FP1_80100008_lightpink_3.jpg', '699', NULL, 'FP1_80100008', '2022-06-28 17:58:40', '2022-06-11 21:52:37', '3.63'),
(9, '健美合身剪裁網眼Polo衫', '上衣', 'Male', '健美合身剪裁網眼Polo衫', '棉 97%, 彈性纖維 3%', 'FP1_80100009_turquoise_0.jpg', 'FP1_80100009_turquoise_1.jpg', 'FP1_80100009_turquoise_2.jpg', 'FP1_80100009_turquoise_3.jpg', '499', NULL, 'FP1_80100009', '2022-06-28 17:58:43', '2022-06-11 22:36:42', '3.33'),
(10, '加大碼橄欖球衫', '上衣', 'Male', '加大碼有領橄欖球衫，柔軟棉質平紋布料，隱形鈕扣半開襟，垂肩長袖有羅紋袖口，下襬兩側開衩。', '<br>外層: 棉 100%\r\n<br>衣領: 棉 100%', 'FP1_80100010_darkgreen_0.jpg', 'FP1_80100010_darkgreen_1.jpg', 'FP1_80100010_darkgreen_2.jpg', 'FP1_80100010_darkgreen_3.jpg', '699', NULL, 'FP1_80100010', '2022-06-28 17:58:47', '2022-06-11 23:32:02', '2.99'),
(11, '緊身西裝褲', '下著', 'Male', '彈性平織西裝褲，拉鍊門襟配隱形鉤扣，有側袋和嵌線後袋，褲管有褶線。緊身剪裁 ─ 褲管略短，大腿、膝蓋及腳踝部位貼身剪裁，打造完美合身線條。', '<br>\r\n外層: 聚酯纖維 67%, 嫘縈 32%, 彈性纖維 1% <br>\r\n口袋內裡: 聚酯纖維 80%, 棉 20%', 'FP1_80200001_darkblue_0.jpg', 'FP1_80200001_darkblue_1.jpg', 'FP1_80200001_darkblue_2.jpg', 'FP1_80200001_darkblue_3.jpg', '1299', NULL, 'FP1_80200001', '2022-06-28 18:00:02', '2022-06-11 23:55:13', '4.02'),
(12, '休閒剪裁工作褲', '下著', 'Male', '棉質平織長褲，中腰休閒剪裁，覆面鬆緊帶腰圍配抽繩，有斜側袋，後袋和褲管袋皆有魔鬼粘式翻蓋，另有一個拉鍊式隱形褲管袋。膝部有接縫設計，褲腳有彈性抽繩。', '<br>口袋內裡: 棉 100%\r\n<br>外層: 棉 97%, 彈性纖維 3%', 'FP1_80200002_beige_0.jpg', 'FP1_80200002_beige_1.jpg', 'FP1_80200002_beige_2.jpg', 'FP1_80200002_beige_3.jpg', '1299', 0, 'FP1_80200002', '2022-06-28 18:00:06', '2022-06-12 00:03:44', '3.87'),
(13, '合身亞麻混紡長褲', '下著', 'Male', '透氣棉麻平織長褲，中腰合身剪裁，覆面鬆緊帶腰圍配抽繩，拉鍊門襟配鉤扣，有側袋和一個嵌線後袋。', '<br>外層: 亞麻 54%, 棉 46%\r\n<br>口袋內裡: 聚酯纖維 65%, 棉 35%', 'FP1_80200003_darkbeige_0.jpg', 'FP1_80200003_darkbeige_1.jpg', 'FP1_80200003_darkbeige_2.jpg', 'FP1_80200003_darkbeige_3.jpg', '999', 0, 'FP1_80200003', '2022-06-28 18:00:09', '2022-06-12 00:34:58', '4.67'),
(14, '貼身西裝褲', '下著', 'Male', '九分西裝褲，平織布料，拉鍊門襟配隱形鉤扣，有側袋和嵌線後袋，褲管有褶線。大腿、膝蓋及腳踝部位貼身剪裁，打造合身線條。', '<br>外層: 聚酯纖維 67%, 嫘縈 31%, 彈性纖維 2%\r\n<br>口袋內裡: 聚酯纖維 91%, 棉 9%', 'FP1_80200004_bluemelange_0.jpg', 'FP1_80200004_bluemelange_1.jpg', 'FP1_80200004_bluemelange_2.jpg', 'FP1_80200004_bluemelange_3.jpg', '1299', 0, 'FP1_80200004', '2022-06-28 18:00:16', '2022-06-12 00:41:16', '3.48'),
(15, '合身亞麻混紡慢跑褲', '下著', 'Male', '棉麻平織慢跑褲，覆面鬆緊帶腰圍配抽繩，有斜側袋和嵌線後袋，褲腳有覆面鬆緊帶。合身剪裁－經典剪裁提供大腿和膝部充足的空間方便活動，打造舒適直筒線條。', '亞麻 55%, 棉 45%\r\n<br>口袋: 棉 100%', 'FP1_80200005_khakigreen_0.jpg', 'FP1_80200005_khakigreen_1.jpg', 'FP1_80200005_khakigreen_2.jpg', '', '699', 0, 'FP1_80200005', '2022-06-28 18:00:24', '2022-06-12 00:52:15', '4.11'),
(16, '合身慢跑褲', '下著', 'Male', '棉混紡面料運動褲。 帶包邊鬆緊帶和束帶的腰帶。 側縫口袋，羅紋下擺，內部柔軟拉絨。', '棉 60%, 聚酯纖維 40%', 'FP1_80200006_steelgray_0.jpg', 'FP1_80200006_steelgray_1.jpg', 'FP1_80200006_steelgray_2.jpg', 'FP1_80200006_steelgray_3.jpg', '599', 0, 'FP1_80200006', '2022-06-28 18:00:30', '2022-06-12 01:00:55', '4.07'),
(17, '跑步長褲', '下著', 'Male', '跑步長褲，快乾機能布料，讓運動時能保持乾爽。鬆緊帶腰圍配隱形抽繩，拉鍊式側袋有網布內裡，褲管收窄，褲腳配拉鍊，帶反光細節。', '聚酯纖維 86%, 彈性纖維 14%', 'FP1_80200007_sagegreen_0.jpg', 'FP1_80200007_sagegreen_1.jpg', 'FP1_80200007_sagegreen_2.jpg', 'FP1_80200007_sagegreen_3.jpg', '999', 0, 'FP1_80200007', '2022-06-28 18:00:32', '2022-06-12 01:05:45', '4.19'),
(18, '合身九分慢跑褲', '下著', 'Male', '九分慢跑褲，柔軟棉質斜紋布料，覆面鬆緊帶腰圍配隱形抽繩，拉鍊門襟配鈕扣，有斜側袋和鈕扣式嵌線後袋。合身剪裁－經典剪裁提供大腿和膝部充足的空間方便活動，打造舒適直筒線條。', '<br>口袋內裡: 聚酯纖維 65%, 棉 35%\r\n<br>外層: 棉 98%, 彈性纖維 2%', 'FP1_80200008_black_0.jpg', 'FP1_80200008_black_1.jpg', 'FP1_80200008_black_2.jpg', 'FP1_80200008_black_3.jpg', '799', 0, 'FP1_80200008', '2022-06-28 18:00:41', '2022-06-12 03:19:47', '4.22'),
(19, '貼身九分褲', '下著', 'Male', '九分褲，平織布料，腰部有隱形鉤扣和鈕扣，拉鍊門襟，有側袋和鈕扣式嵌線後袋，褲管有褶線。大腿和膝部貼身剪裁，打造合身線條。', '聚酯纖維 83%, 嫘縈 15%, 彈性纖維 2%', 'FP1_80200009_lightgray_0.jpg', 'FP1_80200009_lightgray_1.jpg', 'FP1_80200009_lightgray_2.jpg', 'FP1_80200009_lightgray_3.jpg', '699', 0, 'FP1_80200009', '2022-06-28 18:00:53', '2022-06-12 03:24:13', '4.23'),
(20, '防潑水卡其褲', '下著', 'Male', '卡其褲，防潑水尼龍布料，能防小雨。四面彈性機能，可提供極佳舒適感並增加靈活度。拉鍊門襟配按扣，有側袋、一個手機口袋和一個隱形拉鍊式後袋。腰部正面有小掛圈，可掛鑰匙圈。', '<br>口袋內裡: 聚酯纖維 80%, 棉 20%\r\n<br>外層: 聚醯胺纖維 88%, 彈性纖維 12%', 'FP1_80200010_black_0.jpg', 'FP1_80200010_black_1.jpg', 'FP1_80200010_black_2.jpg', 'FP1_80200010_black_3.jpg', '1499', 0, 'FP1_80200010', '2022-06-28 18:00:58', '2022-06-12 03:28:31', '4.21'),
(21, '德比鞋', '鞋', 'Male', '柔軟仿麂皮德比鞋，開放式鞋翼。棉質帆布內裡和內底，花紋鞋底。跟高2公分。', '<br>鞋底: 熱塑性橡膠 100%\r\n<br>鞋幫: 聚酯纖維 100%\r\n<br>內裡: 棉 100%', 'FP1_80300001_black_0.jpg', 'FP1_80300001_black_1.jpg', 'FP1_80300001_black_2.jpg', 'FP1_80300001_black_3.jpg', '1299', NULL, 'FP1_80300001', '2022-06-28 18:13:34', '2022-06-12 03:35:59', '3.28'),
(22, '戲水鞋\r\n', '鞋', 'Male', '戲水鞋，鞋面有寬飾帶，壓模內底。花紋鞋底，高4.5公分。', '<br>內裡: 乙烯-醋酸乙烯酯共聚物 100%\r\n<br>鞋幫: 乙烯-醋酸乙烯酯共聚物 100%\r\n<br>鞋底: 乙烯-醋酸乙烯酯共聚物 100%', 'FP1_80300002_black_0.jpg', 'FP1_80300002_black_1.jpg', 'FP1_80300002_black_2.jpg', '', '699', 0, 'FP1_80300002', '2022-06-28 18:01:37', '2022-06-12 03:40:31', '3.79'),
(23, '懶人鞋', '鞋', 'Male', '平織布料運動鞋，網布鞋面，兩側鑲鬆緊帶，有後跟拉環。軟木內底；花紋橡膠鞋底，高2公分。', '<br>鞋幫: 聚酯纖維 100%\r\n<br>鞋底: 橡膠 100%\r\n<br>內裡: 棉 100%', 'FP1_80300003_darkblue_0.jpg', 'FP1_80300003_darkblue_1.jpg', 'FP1_80300003_darkblue_2.jpg', 'FP1_80300003_darkblue_3.jpg', '699', 0, 'FP1_80300003', '2022-06-28 18:01:40', '2022-06-12 04:21:25', '3.98'),
(24, '高筒帆布鞋', '鞋', 'Male', '運動鞋。 厚棉帆布高幫上衣，正面有鞋舌和繫帶。 一側有金屬扣眼。 棉帆布襯里和鞋墊。 圖案橡膠鞋底。', '<br>鞋底: 橡膠 100%\r\n<br>鞋幫: 棉 100%\r\n<br>內裡: 棉 100%', 'FP1_80300004_blue_0.jpg', 'FP1_80300004_blue_1.jpg', 'FP1_80300004_blue_2.jpg', 'FP1_80300004_blue_3.jpg', '799', 0, 'FP1_80300004', '2022-06-28 18:01:48', '2022-06-12 04:35:41', '4.28'),
(25, '帆布運動鞋', '鞋', 'Male', '仿皮人字拖，鞋面有車棉飾帶，壓模內底。花紋鞋底，高2公分。', '<br>內裡: 棉 100%\r\n<br>鞋底: 橡膠 100%\r\n<br>鞋幫: 棉 100%', 'FP1_80300005_turquoise_0.jpg', 'FP1_80300005_turquoise_1.jpg', 'FP1_80300005_turquoise_2.jpg', 'FP1_80300005_turquoise_3.jpg', '699', 0, 'FP1_80300005', '2022-06-28 18:01:54', '2022-06-12 04:53:09', '4.42'),
(26, '可收納多功能包', '包', 'Male', '多功能包，抗撕裂布料，可作為後背包和手提包。上部有雙提把，包口有拉鍊，可調式薄鋪棉背帶有扣鎖，背面口袋可隱藏背帶。正面有一個拉鍊式夾層，兩側有開放式網布夾層。有一個拉鍊式內夾層，包包可輕鬆折疊並收納於此夾層，收納完成時有實用背帶。有內裡。深約8公分，寬約34公分，高約35公分。', '<br>外層: 聚酯纖維 100%\r\n<br>內裡: 聚酯纖維 100%\r\n<br>內襯: 聚乙烯纖維 100%', 'FP1_80400001_black_0.jpg', 'FP1_80400001_black_1.jpg', 'FP1_80400001_black_2.jpg', 'FP1_80400001_black_3.jpg', '999', 0, 'FP1_80400001', '2022-06-28 18:02:53', '2022-06-12 05:55:32', '3.96'),
(27, '度假包', '包', 'Male', '平織布料度假包，上部有雙提把，包口有雙頭拉鍊，可調式背帶可拆。短側有可調式扣帶，可調整包包大小。有一個拉鍊式外格和一個拉鍊式內夾層。有內裡。深22公分，寬48公分，高39公分。', '<br>外層: 聚酯纖維 100%\r\n<br>內裡: 聚酯纖維 100%', 'FP1_80400002_black_0.jpg', 'FP1_80400002_black_1.jpg', 'FP1_80400002_black_2.jpg', 'FP1_80400002_black_3.jpg', '799', 0, 'FP1_80400002', '2022-06-28 18:02:56', '2022-06-15 04:43:16', '3.92'),
(28, '腰包', '包', 'Male', '腰包，耐用平織布料，正面有一個不對稱網布夾層，背面有一個拉鍊式網布夾層。包口有雙頭拉鍊，可調式腰帶配塑膠扣鎖。有內裡。深7.5公分，高16公分，寬36公分。', '<br>內裡: 聚酯纖維 100%\r\n<br>外層: 聚酯纖維 100%', 'FP1_80400003_lightpurple_0.jpg', 'FP1_80400003_lightpurple_1.jpg', 'FP1_80400003_lightpurple_2.jpg', 'FP1_80400003_lightpurple_3.jpg', '699', 0, 'FP1_80400003', '2022-06-28 18:02:59', '2022-06-15 04:46:10', '4.03'),
(29, '卷口式後背包', '包', 'Male', '平織布料後背包，上部有單提把，卷式包口有拉鍊和可調式塑膠扣扣帶。可調式鋪棉背帶，兩側皆有夾層和可調式塑膠扣扣帶。背面有拉鍊式鋪棉筆電夾層，有一個拉鍊式網布小內夾層。鋪棉底墊。有內裡。包底寬約26公分，包口收卷後高約44公分。', '<br>外層: 聚酯纖維 100%\r\n<br>內襯: 聚乙烯纖維 100%\r\n<br>內裡: 聚酯纖維 100%', 'FP1_80400004_black_0.jpg', 'FP1_80400004_black_1.jpg', 'FP1_80400004_black_2.jpg', 'FP1_80400004_black_3.jpg', '999', 0, 'FP1_80400004', '2022-06-28 18:03:03', '2022-06-15 17:44:41', '4.08'),
(30, '小肩包', '包', 'Male', '小肩包，平織布料，包口有拉鍊，可調式背帶可拆。正面有一個拉鍊式外格，背面有一個開口式小外格，有一個內夾層。有內裡。深2.5公分，寬11公分，高17.5公分。', '<br>外層: 聚酯纖維 100%\r\n<br>內裡: 聚酯纖維 100%', 'FP1_80400005_black_0.jpg', 'FP1_80400005_black_1.jpg', 'FP1_80400005_black_2.jpg', 'FP1_80400005_black_3.jpg', '399', 0, 'FP1_80400005_black', '2022-06-28 18:03:06', '2022-06-15 17:50:19', '3.61'),
(31, '羅紋T恤', '上衣', 'Female', '長版T恤，柔軟棉質混紡羅紋平紋布料，圓領有飾邊，垂肩設計，不收邊直身下襬，兩側開衩。', '棉 62%, 聚酯纖維 33%, 彈性纖維 5%', 'FP2_80100001_cream_0.jpg', 'FP2_80100001_cream_1.jpg', 'FP2_80100001_cream_2.jpg', 'FP2_80100001_cream_3.jpg', '699', 0, 'FP2_80100001', '2022-06-15 19:41:06', '2022-06-15 17:56:08', '3.93'),
(32, '莫代爾混紡T恤', '上衣', 'Female', '莫代爾和棉混紡柔軟竹節平紋針織T恤。寬領口和圓形下擺。', '棉 50%, 莫代爾纖維 50%', 'FP2_80100002_lightbluemelange_0.jpg', 'FP2_80100002_lightbluemelange_1.jpg', 'FP2_80100002_lightbluemelange_2.jpg', 'FP2_80100002_lightbluemelange_3.jpg', '349', 0, 'FP2_80100002', '2022-06-15 19:40:50', '2022-06-15 18:49:42', '4.88'),
(33, '亞麻混紡女衫', '上衣', 'Female', '透氣梭織亞麻棉混紡襯衫。 圓領，V 形開口，頂部有窄繫帶，泡泡袖，袖口和下擺有包邊鬆緊帶。 無襯裡。', '亞麻 55%, 棉 45%', 'FP2_80100003_white_0.jpg', 'FP2_80100003_white_1.jpg', 'FP2_80100003_white_2.jpg', 'FP2_80100003_white_3.jpg', '699', 0, 'FP2_80100003', '2022-06-15 19:41:30', '2022-06-15 19:11:51', '4.80'),
(34, '加大碼圖案T恤', '上衣', 'Female', '加大碼圖案T恤，棉質平紋布料，寬鬆垂肩五分袖。', '棉 100%', 'FP2_80100004_pink_0.jpg', 'FP2_80100004_pink_1.jpg', 'FP2_80100004_pink_2.jpg', 'FP2_80100004_pink_3.jpg', '499', 0, 'FP2_80100004', '2022-06-15 19:41:49', '2022-06-15 19:33:30', '3.75'),
(35, '短版T恤', '上衣', 'Female', '短版T恤，柔軟平紋布料，方形剪裁，羅紋圓領，垂肩寬鬆衣袖。', '棉 100%', 'FP2_80100005_lightyellow_0.jpg', 'FP2_80100005_lightyellow_1.jpg', 'FP2_80100005_lightyellow_2.jpg', 'FP2_80100005_lightyellow_3.jpg', '149', 0, 'FP2_80100005', '2022-06-15 19:48:43', '2022-06-15 19:48:43', '4.20'),
(36, '莫代爾混紡洋裝', '洋裝', 'Female', '圓領中長版洋裝，柔軟莫代爾纖維和棉質混紡平紋布料，長袖款式，兩側開衩。', '莫代爾纖維 52%, 棉 48%', 'FP2_80100006_khakigreen_0.jpg', 'FP2_80100006_khakigreen_1.jpg', 'FP2_80100006_khakigreen_2.jpg', 'FP2_80100006_khakigreen_3.jpg', '699', 0, 'FP2_80100006', '2022-06-28 18:11:17', '2022-06-15 19:58:02', '3.29'),
(37, '萊賽爾混紡羅紋洋裝', '洋裝', 'Female', '羅紋精織中長版洋裝，萊賽爾混紡布料，合身剪裁，方領，細肩帶，兩側開衩。', '萊賽爾 77%, 聚醯胺纖維 23%', 'FP2_80100007_beige_0.jpg', 'FP2_80100007_beige_1.jpg', 'FP2_80100007_beige_2.jpg', 'FP2_80100007_beige_3.jpg', '1999', 0, 'FP2_80100007', '2022-06-28 18:11:20', '2022-06-15 20:04:12', '3.3'),
(38, '棉質T恤洋裝', '洋裝', 'Female', 'T恤短洋裝，厚實棉質平紋布料，直身剪裁，羅紋圓領。無內裡。', '棉 100%', 'FP2_80100008_white_0.jpg', 'FP2_80100008_white_1.jpg', 'FP2_80100008_white_2.jpg', 'FP2_80100008_white_3.jpg', '499', 0, 'FP2_80100008', '2022-06-28 18:11:24', '2022-06-15 21:51:43', '4.17'),
(39, '加大碼圖案T恤洋裝', '洋裝', 'Female', '超大款短款連衣裙，柔軟針織面料，正面飾有印花圖案。 羅紋圓領、重度落肩和寬袖。', '棉 100%', 'FP2_80100009_blue_0.jpg', 'FP2_80100009_blue_1.jpg', 'FP2_80100009_blue_2.jpg', 'FP2_80100009_blue_3.jpg', '699', 0, 'FP2_80100009', '2022-06-28 18:11:28', '2022-06-15 22:09:52', '4.41'),
(40, '百褶洋裝', '洋裝', 'Female', '中長版百褶洋裝，平紋布料，細肩帶，前後開V領，正面縫固交疊式設計有裝飾綁帶。無內裡。', '外層: 再生聚酯纖維 100%', 'FP2_80100010_lightblue_0.jpg', 'FP2_80100010_lightblue_1.jpg', 'FP2_80100010_lightblue_2.jpg', 'FP2_80100010_lightblue_3.jpg', '999', 0, 'FP2_80100010', '2022-06-28 18:11:31', '2022-06-15 22:19:33', '4.3'),
(41, '交疊式洋裝', '洋裝', 'Female', '平紋中長版洋裝，略帶垂墜感，縫固交疊式V領設計，一側有細綁帶。蝴蝶袖帶柔軟垂墜感，微傘狀裙襬。', '<br>內裡: 聚酯纖維 100%\r\n<br>外層: 聚酯纖維 95%, 彈性纖維 5%', 'FP2_80100011_greige_0.jpg', 'FP2_80100011_greige_1.jpg', 'FP2_80100011_greige_2.jpg', 'FP2_80100011_greige_3.jpg', '799', 0, 'FP2_80100011', '2022-06-28 18:11:33', '2022-06-15 22:40:51', '4.72'),
(42, '綁帶襯衫式洋裝', '洋裝', 'Female', '有領襯衫式洋裝，棉質平織布料，正面隱形鈕扣開襟。低垂肩長袖，袖口配鈕扣。腰部有可拆式綁帶，圓邊裙襬。', '棉 100%', 'FP2_80100012_purple_0.jpg', 'FP2_80100012_purple_1.jpg', 'FP2_80100012_purple_2.jpg', 'FP2_80100012_purple_3.jpg', '799', 0, 'FP2_80100012', '2022-06-28 18:11:37', '2022-06-15 22:46:39', '4.15'),
(43, '連帽上衣', '上衣', 'Female', '汗衫布料寬鬆上衣，連衣帽有內裡和抽繩，有袋鼠袋，羅紋袖口和下襬。', '棉 60%, 聚酯纖維 40%', 'FP2_80100013_beige_0.jpg', 'FP2_80100013_beige_1.jpg', 'FP2_80100013_beige_2.jpg', 'FP2_80100013_beige_3.jpg', '699', 0, 'FP2_80100013', '2022-06-15 22:53:56', '2022-06-15 22:53:56', '4.87'),
(44, '百褶裙', '裙子', 'Female', '雪紡百褶中長裙，高腰剪裁，鬆緊帶腰圍。綢緞內裡。', '<br>外層: 聚酯纖維 96%, 彈性纖維 4%\r\n<br>內裡: 聚酯纖維 89%, 彈性纖維 11%', 'FP2_80200001_lightgrey_0.jpg', 'FP2_80200001_lightgrey_1.jpg', 'FP2_80200001_lightgrey_2.jpg', 'FP2_80200001_lightgrey_3.jpg', '999', 0, 'FP2_80200001', '2022-06-15 22:58:56', '2022-06-15 22:58:56', '4.69'),
(45, '紋理感平織裙', '裙子', 'Female', '高腰短裙，紋理感平織布料，貼身剪裁，一側有隱形拉鍊。有內裡。', '<br>內裡: 聚酯纖維 100%\r\n<br>外層: 聚酯纖維 82%, 棉 18%', 'FP2_80200002_beige_0.jpg', 'FP2_80200002_beige_1.jpg', 'FP2_80200002_beige_2.jpg', 'FP2_80200002_beige_3.jpg', '999', 0, 'FP2_80200002', '2022-06-15 23:03:47', '2022-06-15 23:03:47', '4.32'),
(46, '斜紋短裙', '裙子', 'Female', '百褶短裙，彈性斜紋布料，一側有單顆鈕扣和隱形拉鍊。無內裡。', '聚酯纖維 98%, 彈性纖維 2%', 'FP2_80200003_blue_0.jpg', 'FP2_80200003_blue_1.jpg', 'FP2_80200003_blue_2.jpg', 'FP2_80200003_blue_3.jpg', '699', 0, 'FP2_80200003', '2022-06-15 23:06:56', '2022-06-15 23:06:56', '3.99'),
(47, '及地長裙', '裙子', 'Female', '褶縐平織裙，長度及踝，高腰剪裁，覆面鬆緊帶腰圍。傘狀裙襬有抓皺縫線，可增加豐盈感和蓬度。', '嫘縈 72%, 聚醯胺纖維 28%', 'FP2_80200004_white_0.jpg', 'FP2_80200004_white_1.jpg', 'FP2_80200004_white_2.jpg', 'FP2_80200004_white_3.jpg', '1499', 0, 'FP2_80200004', '2022-06-15 23:10:11', '2022-06-15 23:10:11', '4.08'),
(48, '中長裙', '裙子', 'Female', '中長裙，平織布料，高腰休閒剪裁，覆面鬆緊帶腰圍配抽繩。有內裡。', '聚酯纖維 67%, 聚醯胺纖維 33%', 'FP2_80200005_white_0.jpg', 'FP2_80200005_white_1.jpg', 'FP2_80200005_white_2.jpg', 'FP2_80200005_white_3.jpg', '999', 0, 'FP2_80200005', '2022-06-15 23:32:04', '2022-06-15 23:31:18', '3.23'),
(49, '懶人鞋', '鞋', 'Female', '棉質斜紋懶人鞋，兩側鑲鬆緊帶，有後跟拉環。棉質帆布內裡和內底，平滑鞋底下方有溝槽設計。', '<br>鞋幫: 棉 100%\r\n<br>內裡: 棉 100%\r\n<br>鞋底: 熱塑性橡膠 100%', 'FP2_80300001_beige_0.jpg', 'FP2_80300001_beige_1.jpg', 'FP2_80300001_beige_2.jpg', 'FP2_80300001_beige_3.jpg', '499', 0, 'FP2_80300001', '2022-06-16 00:20:06', '2022-06-15 23:40:39', '4.58'),
(50, '人字拖', '鞋', 'Female', '仿皮人字拖，細夾腳帶，鞋面有鋪棉寬飾帶。平紋內裡，仿皮內底。鞋底高1.5公分。', '<br>鞋底: 熱塑性橡膠 100%\r\n<br>內裡: 聚酯纖維 100%\r\n<br>鞋幫: 聚氨酯 100%', 'FP2_80300002_beige_0.jpg', 'FP2_80300002_beige_1.jpg', 'FP2_80300002_beige_2.jpg', '', '699', 0, 'FP2_80300002', '2022-06-16 00:20:58', '2022-06-15 23:44:07', '3.69'),
(51, '編織涼鞋', '鞋', 'Female', '編織草編拖鞋，露趾和交叉腳帶。人造皮革鞋墊和凹槽鞋底。鞋底厚度1.9公分', '<br>鞋墊: 仿皮 100%\r\n<br>內裡: 聚丙烯 100%\r\n<br>鞋底: 熱塑性橡膠 100%\r\n<br>鞋幫: 聚丙烯 100%', 'FP2_80300003_beige_0.jpg', 'FP2_80300003_beige_1.jpg', 'FP2_80300003_beige_2.jpg', 'FP2_80300003_beige_3.jpg', '999', 0, 'FP2_80300003', '2022-06-16 00:22:09', '2022-06-15 23:49:32', '3.26'),
(52, '紋理感戲水鞋', '鞋', 'Female', '塑膠戲水鞋，鞋面有紋理感飾帶，壓模花紋鞋底有溝槽設計。鞋底高4公分。', '<br>外層: 乙烯-醋酸乙烯酯共聚物 100%\r\n<br>內裡: 乙烯-醋酸乙烯酯共聚物 100%\r\n<br>鞋底: 乙烯-醋酸乙烯酯共聚物 100%\r\n<br>鞋墊: 乙烯-醋酸乙烯酯共聚物 100%', 'FP2_80300004_beige_0.jpg', 'FP2_80300004_beige_1.jpg', 'FP2_80300004_beige_2.jpg', 'FP2_80300004_beige_3.jpg', '499', 0, 'FP2_80300004', '2022-06-16 00:22:46', '2022-06-15 23:54:44', '3.98'),
(53, '草帽', '帽子', 'Female', '柔軟紙編草帽，有吸汗帶。', '紙 100%', 'FP2_80500001_beige_0.jpg', 'FP2_80500001_beige_1.jpg', '', '', '399', 0, 'FP2_80500001', '2022-06-16 00:33:44', '2022-06-16 00:24:20', '4.88'),
(54, '草帽', '帽子', 'Female', '紙編草帽，帽頂呈凹形，配寬羅緞飾帶。帽簷寬6.5公分。', '紙籐 100%', 'FP2_80500002_beige_0.jpg', 'FP2_80500002_beige_1.jpg', '', '', '399', 0, 'FP2_80500002', '2022-06-16 00:33:19', '2022-06-16 00:33:19', '4.93');

-- --------------------------------------------------------

--
-- 資料表結構 `products_all`
--

CREATE TABLE `products_all` (
  `product_all_id` int(11) NOT NULL,
  `product_id` int(11) NOT NULL,
  `product_name` varchar(100) CHARACTER SET utf8 NOT NULL,
  `product_category` varchar(100) CHARACTER SET utf8 NOT NULL,
  `product_gender` varchar(100) CHARACTER SET utf8 NOT NULL,
  `product_description` varchar(255) CHARACTER SET utf8 NOT NULL,
  `product_composition` varchar(255) CHARACTER SET utf8 NOT NULL,
  `product_image` varchar(255) CHARACTER SET utf8 NOT NULL,
  `product_image2` varchar(255) CHARACTER SET utf8 NOT NULL,
  `product_image3` varchar(255) CHARACTER SET utf8 NOT NULL,
  `product_image4` varchar(255) CHARACTER SET utf8 NOT NULL,
  `product_price` decimal(6,0) DEFAULT NULL,
  `product_special_offer` int(2) DEFAULT NULL,
  `product_code` varchar(255) CHARACTER SET utf8 NOT NULL,
  `product_update` timestamp NOT NULL DEFAULT current_timestamp() ON UPDATE current_timestamp(),
  `product_upload` timestamp NOT NULL DEFAULT current_timestamp(),
  `product_rating` varchar(10) CHARACTER SET utf8 NOT NULL,
  `size_id` int(10) DEFAULT NULL,
  `category_name` varchar(255) COLLATE utf8mb4_unicode_ci DEFAULT NULL,
  `size_name` varchar(255) COLLATE utf8mb4_unicode_ci DEFAULT NULL
) ENGINE=InnoDB DEFAULT CHARSET=utf8mb4 COLLATE=utf8mb4_unicode_ci;

--
-- 傾印資料表的資料 `products_all`
--

INSERT INTO `products_all` (`product_all_id`, `product_id`, `product_name`, `product_category`, `product_gender`, `product_description`, `product_composition`, `product_image`, `product_image2`, `product_image3`, `product_image4`, `product_price`, `product_special_offer`, `product_code`, `product_update`, `product_upload`, `product_rating`, `size_id`, `category_name`, `size_name`) VALUES
(1, 1, '休閒剪裁棉質T恤', '上衣', 'Male', 'T恤，柔軟棉質平紋布料，休閒剪裁。細羅紋圓領，垂肩設計，直身下襬。', '棉 100%', 'FP1_80100001_beige_0.jpg', 'FP1_80100001_turquoise_0.jpg', 'FP1_80100001_beige_1.webp', 'FP1_80100001_turquoise_1.webp', '499', NULL, 'FP1_80100001', '2022-06-29 02:13:31', '2022-06-12 03:18:39', '4.21', 2, '上衣', 'M'),
(2, 1, '休閒剪裁棉質T恤', '上衣', 'Male', 'T恤，柔軟棉質平紋布料，休閒剪裁。細羅紋圓領，垂肩設計，直身下襬。', '棉 100%', 'FP1_80100001_beige_0.jpg', 'FP1_80100001_turquoise_0.jpg', 'FP1_80100001_beige_1.webp', 'FP1_80100001_turquoise_1.webp', '499', NULL, 'FP1_80100001', '2022-06-29 02:13:31', '2022-06-12 03:18:39', '4.21', 1, '上衣', 'S'),
(3, 1, '休閒剪裁棉質T恤', '上衣', 'Male', 'T恤，柔軟棉質平紋布料，休閒剪裁。細羅紋圓領，垂肩設計，直身下襬。', '棉 100%', 'FP1_80100001_beige_0.jpg', 'FP1_80100001_turquoise_0.jpg', 'FP1_80100001_beige_1.webp', 'FP1_80100001_turquoise_1.webp', '499', NULL, 'FP1_80100001', '2022-06-29 02:13:31', '2022-06-12 03:18:39', '4.21', 3, '上衣', 'L'),
(4, 2, '標準剪裁T恤', '上衣', 'Male', '圓領T恤，柔軟粗紡棉質平紋布料，有開口式單胸袋。', '棉 100%', 'FP1_80100002_black_0.jpg', 'FP1_80100002_lightblue_0.jpg', 'FP1_80100002_turquoise_0.jpg', 'FP1_80100002_white_0.jpg', '349', NULL, 'FP1_80100002', '2022-06-29 01:57:55', '2022-06-12 03:18:39', '3.92', 1, '上衣', 'S'),
(5, 2, '標準剪裁T恤', '上衣', 'Male', '圓領T恤，柔軟粗紡棉質平紋布料，有開口式單胸袋。', '棉 100%', 'FP1_80100002_black_0.jpg', 'FP1_80100002_lightblue_0.jpg', 'FP1_80100002_turquoise_0.jpg', 'FP1_80100002_white_0.jpg', '349', NULL, 'FP1_80100002', '2022-06-29 01:57:55', '2022-06-12 03:18:39', '3.92', 3, '上衣', 'L'),
(6, 2, '標準剪裁T恤', '上衣', 'Male', '圓領T恤，柔軟粗紡棉質平紋布料，有開口式單胸袋。', '棉 100%', 'FP1_80100002_black_0.jpg', 'FP1_80100002_lightblue_0.jpg', 'FP1_80100002_turquoise_0.jpg', 'FP1_80100002_white_0.jpg', '349', NULL, 'FP1_80100002', '2022-06-29 01:57:55', '2022-06-12 03:18:39', '3.92', 2, '上衣', 'M'),
(7, 3, '加大碼棉質T恤', '上衣', 'Male', '加大碼T恤，棉質平紋布料，羅紋圓領，垂肩設計。', '棉 100%', 'FP1_80100003_lightgreen_0.jpg', 'FP1_80100003_lightgreen_1.jpg', 'FP1_80100003_white_0.jpg', 'FP1_80100003_white_1.jpg', '499', NULL, 'FP1_80100003', '2022-06-29 01:58:01', '2022-06-12 03:18:39', '4.44', 3, '上衣', 'L'),
(8, 3, '加大碼棉質T恤', '上衣', 'Male', '加大碼T恤，棉質平紋布料，羅紋圓領，垂肩設計。', '棉 100%', 'FP1_80100003_lightgreen_0.jpg', 'FP1_80100003_lightgreen_1.jpg', 'FP1_80100003_white_0.jpg', 'FP1_80100003_white_1.jpg', '499', NULL, 'FP1_80100003', '2022-06-29 01:58:01', '2022-06-12 03:18:39', '4.44', 2, '上衣', 'M'),
(9, 3, '加大碼棉質T恤', '上衣', 'Male', '加大碼T恤，棉質平紋布料，羅紋圓領，垂肩設計。', '棉 100%', 'FP1_80100003_lightgreen_0.jpg', 'FP1_80100003_lightgreen_1.jpg', 'FP1_80100003_white_0.jpg', 'FP1_80100003_white_1.jpg', '499', NULL, 'FP1_80100003', '2022-06-29 01:58:01', '2022-06-12 03:18:39', '4.44', 1, '上衣', 'S'),
(10, 4, '休閒剪裁圖案T恤', '上衣', 'Male', '圖案T恤，柔軟棉質平紋布料，休閒剪裁。羅紋圓領，垂肩設計，直身下襬。', '棉 100%', 'FP1_80100004_lightblue_0.jpg', 'FP1_80100004_lightblue_1.webp', 'FP1_80100004_lightblue_2.webp', 'FP1_80100004_lightblue_3.webp', '699', NULL, 'FP1_80100004', '2022-06-29 01:58:05', '2022-06-12 03:18:39', '4.70', 2, '上衣', 'M'),
(11, 4, '休閒剪裁圖案T恤', '上衣', 'Male', '圖案T恤，柔軟棉質平紋布料，休閒剪裁。羅紋圓領，垂肩設計，直身下襬。', '棉 100%', 'FP1_80100004_lightblue_0.jpg', 'FP1_80100004_lightblue_1.webp', 'FP1_80100004_lightblue_2.webp', 'FP1_80100004_lightblue_3.webp', '699', NULL, 'FP1_80100004', '2022-06-29 01:58:05', '2022-06-12 03:18:39', '4.70', 1, '上衣', 'S'),
(12, 4, '休閒剪裁圖案T恤', '上衣', 'Male', '圖案T恤，柔軟棉質平紋布料，休閒剪裁。羅紋圓領，垂肩設計，直身下襬。', '棉 100%', 'FP1_80100004_lightblue_0.jpg', 'FP1_80100004_lightblue_1.webp', 'FP1_80100004_lightblue_2.webp', 'FP1_80100004_lightblue_3.webp', '699', NULL, 'FP1_80100004', '2022-06-29 01:58:05', '2022-06-12 03:18:39', '4.70', 3, '上衣', 'L'),
(13, 5, '休閒剪裁圖案T恤', '上衣', 'Male', '圖案T恤，柔軟棉質平紋布料，休閒剪裁。羅紋圓領，垂肩設計，直身下襬。', '棉 100%', 'FP1_80100005_white_0.jpg', 'FP1_80100005_white_1.jpg', 'FP1_80100005_white_2.jpg', 'FP1_80100005_white_3.jpg', '699', NULL, 'FP1_80100005', '2022-06-29 01:58:23', '2022-06-12 03:26:34', '4.51', 1, '上衣', 'S'),
(14, 5, '休閒剪裁圖案T恤', '上衣', 'Male', '圖案T恤，柔軟棉質平紋布料，休閒剪裁。羅紋圓領，垂肩設計，直身下襬。', '棉 100%', 'FP1_80100005_white_0.jpg', 'FP1_80100005_white_1.jpg', 'FP1_80100005_white_2.jpg', 'FP1_80100005_white_3.jpg', '699', NULL, 'FP1_80100005', '2022-06-29 01:58:23', '2022-06-12 03:26:34', '4.51', 3, '上衣', 'L'),
(15, 5, '休閒剪裁圖案T恤', '上衣', 'Male', '圖案T恤，柔軟棉質平紋布料，休閒剪裁。羅紋圓領，垂肩設計，直身下襬。', '棉 100%', 'FP1_80100005_white_0.jpg', 'FP1_80100005_white_1.jpg', 'FP1_80100005_white_2.jpg', 'FP1_80100005_white_3.jpg', '699', NULL, 'FP1_80100005', '2022-06-29 01:58:23', '2022-06-12 03:26:34', '4.51', 2, '上衣', 'M'),
(16, 6, '休閒剪裁棉質T恤', '上衣', 'Male', '柔軟棉質平紋T恤，休閒剪裁，印有圖案。羅紋圓領，垂肩設計，直身下襬。', '棉 100%', 'FP1_80100006_blue_0.jpg', 'FP1_80100006_blue_1.jpg', 'FP1_80100006_blue_2.jpg', 'FP1_80100006_blue_3.jpg', '349', NULL, 'FP1_80100006', '2022-06-29 01:58:28', '2022-06-12 03:33:39', '4.48', 1, '上衣', 'S'),
(17, 6, '休閒剪裁棉質T恤', '上衣', 'Male', '柔軟棉質平紋T恤，休閒剪裁，印有圖案。羅紋圓領，垂肩設計，直身下襬。', '棉 100%', 'FP1_80100006_blue_0.jpg', 'FP1_80100006_blue_1.jpg', 'FP1_80100006_blue_2.jpg', 'FP1_80100006_blue_3.jpg', '349', NULL, 'FP1_80100006', '2022-06-29 01:58:28', '2022-06-12 03:33:39', '4.48', 3, '上衣', 'L'),
(18, 6, '休閒剪裁棉質T恤', '上衣', 'Male', '柔軟棉質平紋T恤，休閒剪裁，印有圖案。羅紋圓領，垂肩設計，直身下襬。', '棉 100%', 'FP1_80100006_blue_0.jpg', 'FP1_80100006_blue_1.jpg', 'FP1_80100006_blue_2.jpg', 'FP1_80100006_blue_3.jpg', '349', NULL, 'FP1_80100006', '2022-06-29 01:58:28', '2022-06-12 03:33:39', '4.48', 2, '上衣', 'M'),
(19, 7, '棉質Polo衫', '上衣', 'Male', '棉質網眼Polo衫，羅紋衣領，鈕扣半開襟，短袖有羅紋袖口，兩側開衩。', '棉 100%', 'FP1_80100007_black_0.jpg', 'FP1_80100007_black_1.jpg', 'FP1_80100007_black_2.jpg', 'FP1_80100007_black_3.jpg', '349', NULL, 'FP1_80100007', '2022-06-29 01:58:35', '2022-06-12 05:46:51', '3.92', 2, '上衣', 'M'),
(20, 7, '棉質Polo衫', '上衣', 'Male', '棉質網眼Polo衫，羅紋衣領，鈕扣半開襟，短袖有羅紋袖口，兩側開衩。', '棉 100%', 'FP1_80100007_black_0.jpg', 'FP1_80100007_black_1.jpg', 'FP1_80100007_black_2.jpg', 'FP1_80100007_black_3.jpg', '349', NULL, 'FP1_80100007', '2022-06-29 01:58:35', '2022-06-12 05:46:51', '3.92', 1, '上衣', 'S'),
(21, 7, '棉質Polo衫', '上衣', 'Male', '棉質網眼Polo衫，羅紋衣領，鈕扣半開襟，短袖有羅紋袖口，兩側開衩。', '棉 100%', 'FP1_80100007_black_0.jpg', 'FP1_80100007_black_1.jpg', 'FP1_80100007_black_2.jpg', 'FP1_80100007_black_3.jpg', '349', NULL, 'FP1_80100007', '2022-06-29 01:58:35', '2022-06-12 05:46:51', '3.92', 3, '上衣', 'L'),
(22, 8, '休閒剪裁圖案T恤', '上衣', 'Male', '圖案T恤，柔軟棉質平紋布料。休閒剪裁。', '棉 100%', 'FP1_80100008_lightpink_0.jpg', 'FP1_80100008_lightpink_1.jpg', 'FP1_80100008_lightpink_2.jpg', 'FP1_80100008_lightpink_3.jpg', '699', NULL, 'FP1_80100008', '2022-06-29 01:58:40', '2022-06-12 05:52:37', '3.63', 2, '上衣', 'M'),
(23, 8, '休閒剪裁圖案T恤', '上衣', 'Male', '圖案T恤，柔軟棉質平紋布料。休閒剪裁。', '棉 100%', 'FP1_80100008_lightpink_0.jpg', 'FP1_80100008_lightpink_1.jpg', 'FP1_80100008_lightpink_2.jpg', 'FP1_80100008_lightpink_3.jpg', '699', NULL, 'FP1_80100008', '2022-06-29 01:58:40', '2022-06-12 05:52:37', '3.63', 1, '上衣', 'S'),
(24, 8, '休閒剪裁圖案T恤', '上衣', 'Male', '圖案T恤，柔軟棉質平紋布料。休閒剪裁。', '棉 100%', 'FP1_80100008_lightpink_0.jpg', 'FP1_80100008_lightpink_1.jpg', 'FP1_80100008_lightpink_2.jpg', 'FP1_80100008_lightpink_3.jpg', '699', NULL, 'FP1_80100008', '2022-06-29 01:58:40', '2022-06-12 05:52:37', '3.63', 3, '上衣', 'L'),
(25, 9, '健美合身剪裁網眼Polo衫', '上衣', 'Male', '健美合身剪裁網眼Polo衫', '棉 97%, 彈性纖維 3%', 'FP1_80100009_turquoise_0.jpg', 'FP1_80100009_turquoise_1.jpg', 'FP1_80100009_turquoise_2.jpg', 'FP1_80100009_turquoise_3.jpg', '499', NULL, 'FP1_80100009', '2022-06-29 01:58:43', '2022-06-12 06:36:42', '3.33', 1, '上衣', 'S'),
(26, 9, '健美合身剪裁網眼Polo衫', '上衣', 'Male', '健美合身剪裁網眼Polo衫', '棉 97%, 彈性纖維 3%', 'FP1_80100009_turquoise_0.jpg', 'FP1_80100009_turquoise_1.jpg', 'FP1_80100009_turquoise_2.jpg', 'FP1_80100009_turquoise_3.jpg', '499', NULL, 'FP1_80100009', '2022-06-29 01:58:43', '2022-06-12 06:36:42', '3.33', 3, '上衣', 'L'),
(27, 9, '健美合身剪裁網眼Polo衫', '上衣', 'Male', '健美合身剪裁網眼Polo衫', '棉 97%, 彈性纖維 3%', 'FP1_80100009_turquoise_0.jpg', 'FP1_80100009_turquoise_1.jpg', 'FP1_80100009_turquoise_2.jpg', 'FP1_80100009_turquoise_3.jpg', '499', NULL, 'FP1_80100009', '2022-06-29 01:58:43', '2022-06-12 06:36:42', '3.33', 2, '上衣', 'M'),
(28, 10, '加大碼橄欖球衫', '上衣', 'Male', '加大碼有領橄欖球衫，柔軟棉質平紋布料，隱形鈕扣半開襟，垂肩長袖有羅紋袖口，下襬兩側開衩。', '<br>外層: 棉 100%\r\n<br>衣領: 棉 100%', 'FP1_80100010_darkgreen_0.jpg', 'FP1_80100010_darkgreen_1.jpg', 'FP1_80100010_darkgreen_2.jpg', 'FP1_80100010_darkgreen_3.jpg', '699', NULL, 'FP1_80100010', '2022-06-29 01:58:47', '2022-06-12 07:32:02', '2.99', 1, '上衣', 'S'),
(29, 10, '加大碼橄欖球衫', '上衣', 'Male', '加大碼有領橄欖球衫，柔軟棉質平紋布料，隱形鈕扣半開襟，垂肩長袖有羅紋袖口，下襬兩側開衩。', '<br>外層: 棉 100%\r\n<br>衣領: 棉 100%', 'FP1_80100010_darkgreen_0.jpg', 'FP1_80100010_darkgreen_1.jpg', 'FP1_80100010_darkgreen_2.jpg', 'FP1_80100010_darkgreen_3.jpg', '699', NULL, 'FP1_80100010', '2022-06-29 01:58:47', '2022-06-12 07:32:02', '2.99', 3, '上衣', 'L'),
(30, 10, '加大碼橄欖球衫', '上衣', 'Male', '加大碼有領橄欖球衫，柔軟棉質平紋布料，隱形鈕扣半開襟，垂肩長袖有羅紋袖口，下襬兩側開衩。', '<br>外層: 棉 100%\r\n<br>衣領: 棉 100%', 'FP1_80100010_darkgreen_0.jpg', 'FP1_80100010_darkgreen_1.jpg', 'FP1_80100010_darkgreen_2.jpg', 'FP1_80100010_darkgreen_3.jpg', '699', NULL, 'FP1_80100010', '2022-06-29 01:58:47', '2022-06-12 07:32:02', '2.99', 2, '上衣', 'M'),
(31, 11, '緊身西裝褲', '下著', 'Male', '彈性平織西裝褲，拉鍊門襟配隱形鉤扣，有側袋和嵌線後袋，褲管有褶線。緊身剪裁 ─ 褲管略短，大腿、膝蓋及腳踝部位貼身剪裁，打造完美合身線條。', '<br>\r\n外層: 聚酯纖維 67%, 嫘縈 32%, 彈性纖維 1% <br>\r\n口袋內裡: 聚酯纖維 80%, 棉 20%', 'FP1_80200001_darkblue_0.jpg', 'FP1_80200001_darkblue_1.jpg', 'FP1_80200001_darkblue_2.jpg', 'FP1_80200001_darkblue_3.jpg', '1299', NULL, 'FP1_80200001', '2022-06-29 02:00:02', '2022-06-12 07:55:13', '4.02', 4, '下著', 'S'),
(32, 11, '緊身西裝褲', '下著', 'Male', '彈性平織西裝褲，拉鍊門襟配隱形鉤扣，有側袋和嵌線後袋，褲管有褶線。緊身剪裁 ─ 褲管略短，大腿、膝蓋及腳踝部位貼身剪裁，打造完美合身線條。', '<br>\r\n外層: 聚酯纖維 67%, 嫘縈 32%, 彈性纖維 1% <br>\r\n口袋內裡: 聚酯纖維 80%, 棉 20%', 'FP1_80200001_darkblue_0.jpg', 'FP1_80200001_darkblue_1.jpg', 'FP1_80200001_darkblue_2.jpg', 'FP1_80200001_darkblue_3.jpg', '1299', NULL, 'FP1_80200001', '2022-06-29 02:00:02', '2022-06-12 07:55:13', '4.02', 5, '下著', 'M'),
(33, 11, '緊身西裝褲', '下著', 'Male', '彈性平織西裝褲，拉鍊門襟配隱形鉤扣，有側袋和嵌線後袋，褲管有褶線。緊身剪裁 ─ 褲管略短，大腿、膝蓋及腳踝部位貼身剪裁，打造完美合身線條。', '<br>\r\n外層: 聚酯纖維 67%, 嫘縈 32%, 彈性纖維 1% <br>\r\n口袋內裡: 聚酯纖維 80%, 棉 20%', 'FP1_80200001_darkblue_0.jpg', 'FP1_80200001_darkblue_1.jpg', 'FP1_80200001_darkblue_2.jpg', 'FP1_80200001_darkblue_3.jpg', '1299', NULL, 'FP1_80200001', '2022-06-29 02:00:02', '2022-06-12 07:55:13', '4.02', 6, '下著', 'L'),
(34, 12, '休閒剪裁工作褲', '下著', 'Male', '棉質平織長褲，中腰休閒剪裁，覆面鬆緊帶腰圍配抽繩，有斜側袋，後袋和褲管袋皆有魔鬼粘式翻蓋，另有一個拉鍊式隱形褲管袋。膝部有接縫設計，褲腳有彈性抽繩。', '<br>口袋內裡: 棉 100%\r\n<br>外層: 棉 97%, 彈性纖維 3%', 'FP1_80200002_beige_0.jpg', 'FP1_80200002_beige_1.jpg', 'FP1_80200002_beige_2.jpg', 'FP1_80200002_beige_3.jpg', '1299', 0, 'FP1_80200002', '2022-06-29 02:00:06', '2022-06-12 08:03:44', '3.87', 5, '下著', 'M'),
(35, 12, '休閒剪裁工作褲', '下著', 'Male', '棉質平織長褲，中腰休閒剪裁，覆面鬆緊帶腰圍配抽繩，有斜側袋，後袋和褲管袋皆有魔鬼粘式翻蓋，另有一個拉鍊式隱形褲管袋。膝部有接縫設計，褲腳有彈性抽繩。', '<br>口袋內裡: 棉 100%\r\n<br>外層: 棉 97%, 彈性纖維 3%', 'FP1_80200002_beige_0.jpg', 'FP1_80200002_beige_1.jpg', 'FP1_80200002_beige_2.jpg', 'FP1_80200002_beige_3.jpg', '1299', 0, 'FP1_80200002', '2022-06-29 02:00:06', '2022-06-12 08:03:44', '3.87', 6, '下著', 'L'),
(36, 12, '休閒剪裁工作褲', '下著', 'Male', '棉質平織長褲，中腰休閒剪裁，覆面鬆緊帶腰圍配抽繩，有斜側袋，後袋和褲管袋皆有魔鬼粘式翻蓋，另有一個拉鍊式隱形褲管袋。膝部有接縫設計，褲腳有彈性抽繩。', '<br>口袋內裡: 棉 100%\r\n<br>外層: 棉 97%, 彈性纖維 3%', 'FP1_80200002_beige_0.jpg', 'FP1_80200002_beige_1.jpg', 'FP1_80200002_beige_2.jpg', 'FP1_80200002_beige_3.jpg', '1299', 0, 'FP1_80200002', '2022-06-29 02:00:06', '2022-06-12 08:03:44', '3.87', 4, '下著', 'S'),
(37, 13, '合身亞麻混紡長褲', '下著', 'Male', '透氣棉麻平織長褲，中腰合身剪裁，覆面鬆緊帶腰圍配抽繩，拉鍊門襟配鉤扣，有側袋和一個嵌線後袋。', '<br>外層: 亞麻 54%, 棉 46%\r\n<br>口袋內裡: 聚酯纖維 65%, 棉 35%', 'FP1_80200003_darkbeige_0.jpg', 'FP1_80200003_darkbeige_1.jpg', 'FP1_80200003_darkbeige_2.jpg', 'FP1_80200003_darkbeige_3.jpg', '999', 0, 'FP1_80200003', '2022-06-29 02:00:09', '2022-06-12 08:34:58', '4.67', 6, '下著', 'L'),
(38, 13, '合身亞麻混紡長褲', '下著', 'Male', '透氣棉麻平織長褲，中腰合身剪裁，覆面鬆緊帶腰圍配抽繩，拉鍊門襟配鉤扣，有側袋和一個嵌線後袋。', '<br>外層: 亞麻 54%, 棉 46%\r\n<br>口袋內裡: 聚酯纖維 65%, 棉 35%', 'FP1_80200003_darkbeige_0.jpg', 'FP1_80200003_darkbeige_1.jpg', 'FP1_80200003_darkbeige_2.jpg', 'FP1_80200003_darkbeige_3.jpg', '999', 0, 'FP1_80200003', '2022-06-29 02:00:09', '2022-06-12 08:34:58', '4.67', 4, '下著', 'S'),
(39, 13, '合身亞麻混紡長褲', '下著', 'Male', '透氣棉麻平織長褲，中腰合身剪裁，覆面鬆緊帶腰圍配抽繩，拉鍊門襟配鉤扣，有側袋和一個嵌線後袋。', '<br>外層: 亞麻 54%, 棉 46%\r\n<br>口袋內裡: 聚酯纖維 65%, 棉 35%', 'FP1_80200003_darkbeige_0.jpg', 'FP1_80200003_darkbeige_1.jpg', 'FP1_80200003_darkbeige_2.jpg', 'FP1_80200003_darkbeige_3.jpg', '999', 0, 'FP1_80200003', '2022-06-29 02:00:09', '2022-06-12 08:34:58', '4.67', 5, '下著', 'M'),
(40, 14, '貼身西裝褲', '下著', 'Male', '九分西裝褲，平織布料，拉鍊門襟配隱形鉤扣，有側袋和嵌線後袋，褲管有褶線。大腿、膝蓋及腳踝部位貼身剪裁，打造合身線條。', '<br>外層: 聚酯纖維 67%, 嫘縈 31%, 彈性纖維 2%\r\n<br>口袋內裡: 聚酯纖維 91%, 棉 9%', 'FP1_80200004_bluemelange_0.jpg', 'FP1_80200004_bluemelange_1.jpg', 'FP1_80200004_bluemelange_2.jpg', 'FP1_80200004_bluemelange_3.jpg', '1299', 0, 'FP1_80200004', '2022-06-29 02:00:16', '2022-06-12 08:41:16', '3.48', 4, '下著', 'S'),
(41, 14, '貼身西裝褲', '下著', 'Male', '九分西裝褲，平織布料，拉鍊門襟配隱形鉤扣，有側袋和嵌線後袋，褲管有褶線。大腿、膝蓋及腳踝部位貼身剪裁，打造合身線條。', '<br>外層: 聚酯纖維 67%, 嫘縈 31%, 彈性纖維 2%\r\n<br>口袋內裡: 聚酯纖維 91%, 棉 9%', 'FP1_80200004_bluemelange_0.jpg', 'FP1_80200004_bluemelange_1.jpg', 'FP1_80200004_bluemelange_2.jpg', 'FP1_80200004_bluemelange_3.jpg', '1299', 0, 'FP1_80200004', '2022-06-29 02:00:16', '2022-06-12 08:41:16', '3.48', 5, '下著', 'M'),
(42, 14, '貼身西裝褲', '下著', 'Male', '九分西裝褲，平織布料，拉鍊門襟配隱形鉤扣，有側袋和嵌線後袋，褲管有褶線。大腿、膝蓋及腳踝部位貼身剪裁，打造合身線條。', '<br>外層: 聚酯纖維 67%, 嫘縈 31%, 彈性纖維 2%\r\n<br>口袋內裡: 聚酯纖維 91%, 棉 9%', 'FP1_80200004_bluemelange_0.jpg', 'FP1_80200004_bluemelange_1.jpg', 'FP1_80200004_bluemelange_2.jpg', 'FP1_80200004_bluemelange_3.jpg', '1299', 0, 'FP1_80200004', '2022-06-29 02:00:16', '2022-06-12 08:41:16', '3.48', 6, '下著', 'L'),
(43, 15, '合身亞麻混紡慢跑褲', '下著', 'Male', '棉麻平織慢跑褲，覆面鬆緊帶腰圍配抽繩，有斜側袋和嵌線後袋，褲腳有覆面鬆緊帶。合身剪裁－經典剪裁提供大腿和膝部充足的空間方便活動，打造舒適直筒線條。', '亞麻 55%, 棉 45%\r\n<br>口袋: 棉 100%', 'FP1_80200005_khakigreen_0.jpg', 'FP1_80200005_khakigreen_1.jpg', 'FP1_80200005_khakigreen_2.jpg', '', '699', 0, 'FP1_80200005', '2022-06-29 02:00:24', '2022-06-12 08:52:15', '4.11', 4, '下著', 'S'),
(44, 15, '合身亞麻混紡慢跑褲', '下著', 'Male', '棉麻平織慢跑褲，覆面鬆緊帶腰圍配抽繩，有斜側袋和嵌線後袋，褲腳有覆面鬆緊帶。合身剪裁－經典剪裁提供大腿和膝部充足的空間方便活動，打造舒適直筒線條。', '亞麻 55%, 棉 45%\r\n<br>口袋: 棉 100%', 'FP1_80200005_khakigreen_0.jpg', 'FP1_80200005_khakigreen_1.jpg', 'FP1_80200005_khakigreen_2.jpg', '', '699', 0, 'FP1_80200005', '2022-06-29 02:00:24', '2022-06-12 08:52:15', '4.11', 5, '下著', 'M'),
(45, 15, '合身亞麻混紡慢跑褲', '下著', 'Male', '棉麻平織慢跑褲，覆面鬆緊帶腰圍配抽繩，有斜側袋和嵌線後袋，褲腳有覆面鬆緊帶。合身剪裁－經典剪裁提供大腿和膝部充足的空間方便活動，打造舒適直筒線條。', '亞麻 55%, 棉 45%\r\n<br>口袋: 棉 100%', 'FP1_80200005_khakigreen_0.jpg', 'FP1_80200005_khakigreen_1.jpg', 'FP1_80200005_khakigreen_2.jpg', '', '699', 0, 'FP1_80200005', '2022-06-29 02:00:24', '2022-06-12 08:52:15', '4.11', 6, '下著', 'L'),
(46, 16, '合身慢跑褲', '下著', 'Male', '棉混紡面料運動褲。 帶包邊鬆緊帶和束帶的腰帶。 側縫口袋，羅紋下擺，內部柔軟拉絨。', '棉 60%, 聚酯纖維 40%', 'FP1_80200006_steelgray_0.jpg', 'FP1_80200006_steelgray_1.jpg', 'FP1_80200006_steelgray_2.jpg', 'FP1_80200006_steelgray_3.jpg', '599', 0, 'FP1_80200006', '2022-06-29 02:00:30', '2022-06-12 09:00:55', '4.07', 5, '下著', 'M'),
(47, 16, '合身慢跑褲', '下著', 'Male', '棉混紡面料運動褲。 帶包邊鬆緊帶和束帶的腰帶。 側縫口袋，羅紋下擺，內部柔軟拉絨。', '棉 60%, 聚酯纖維 40%', 'FP1_80200006_steelgray_0.jpg', 'FP1_80200006_steelgray_1.jpg', 'FP1_80200006_steelgray_2.jpg', 'FP1_80200006_steelgray_3.jpg', '599', 0, 'FP1_80200006', '2022-06-29 02:00:30', '2022-06-12 09:00:55', '4.07', 6, '下著', 'L'),
(48, 16, '合身慢跑褲', '下著', 'Male', '棉混紡面料運動褲。 帶包邊鬆緊帶和束帶的腰帶。 側縫口袋，羅紋下擺，內部柔軟拉絨。', '棉 60%, 聚酯纖維 40%', 'FP1_80200006_steelgray_0.jpg', 'FP1_80200006_steelgray_1.jpg', 'FP1_80200006_steelgray_2.jpg', 'FP1_80200006_steelgray_3.jpg', '599', 0, 'FP1_80200006', '2022-06-29 02:00:30', '2022-06-12 09:00:55', '4.07', 4, '下著', 'S'),
(49, 17, '跑步長褲', '下著', 'Male', '跑步長褲，快乾機能布料，讓運動時能保持乾爽。鬆緊帶腰圍配隱形抽繩，拉鍊式側袋有網布內裡，褲管收窄，褲腳配拉鍊，帶反光細節。', '聚酯纖維 86%, 彈性纖維 14%', 'FP1_80200007_sagegreen_0.jpg', 'FP1_80200007_sagegreen_1.jpg', 'FP1_80200007_sagegreen_2.jpg', 'FP1_80200007_sagegreen_3.jpg', '999', 0, 'FP1_80200007', '2022-06-29 02:00:32', '2022-06-12 09:05:45', '4.19', 4, '下著', 'S'),
(50, 17, '跑步長褲', '下著', 'Male', '跑步長褲，快乾機能布料，讓運動時能保持乾爽。鬆緊帶腰圍配隱形抽繩，拉鍊式側袋有網布內裡，褲管收窄，褲腳配拉鍊，帶反光細節。', '聚酯纖維 86%, 彈性纖維 14%', 'FP1_80200007_sagegreen_0.jpg', 'FP1_80200007_sagegreen_1.jpg', 'FP1_80200007_sagegreen_2.jpg', 'FP1_80200007_sagegreen_3.jpg', '999', 0, 'FP1_80200007', '2022-06-29 02:00:32', '2022-06-12 09:05:45', '4.19', 5, '下著', 'M'),
(51, 17, '跑步長褲', '下著', 'Male', '跑步長褲，快乾機能布料，讓運動時能保持乾爽。鬆緊帶腰圍配隱形抽繩，拉鍊式側袋有網布內裡，褲管收窄，褲腳配拉鍊，帶反光細節。', '聚酯纖維 86%, 彈性纖維 14%', 'FP1_80200007_sagegreen_0.jpg', 'FP1_80200007_sagegreen_1.jpg', 'FP1_80200007_sagegreen_2.jpg', 'FP1_80200007_sagegreen_3.jpg', '999', 0, 'FP1_80200007', '2022-06-29 02:00:32', '2022-06-12 09:05:45', '4.19', 6, '下著', 'L'),
(52, 18, '合身九分慢跑褲', '下著', 'Male', '九分慢跑褲，柔軟棉質斜紋布料，覆面鬆緊帶腰圍配隱形抽繩，拉鍊門襟配鈕扣，有斜側袋和鈕扣式嵌線後袋。合身剪裁－經典剪裁提供大腿和膝部充足的空間方便活動，打造舒適直筒線條。', '<br>口袋內裡: 聚酯纖維 65%, 棉 35%\r\n<br>外層: 棉 98%, 彈性纖維 2%', 'FP1_80200008_black_0.jpg', 'FP1_80200008_black_1.jpg', 'FP1_80200008_black_2.jpg', 'FP1_80200008_black_3.jpg', '799', 0, 'FP1_80200008', '2022-06-29 02:00:41', '2022-06-12 11:19:47', '4.22', 4, '下著', 'S'),
(53, 18, '合身九分慢跑褲', '下著', 'Male', '九分慢跑褲，柔軟棉質斜紋布料，覆面鬆緊帶腰圍配隱形抽繩，拉鍊門襟配鈕扣，有斜側袋和鈕扣式嵌線後袋。合身剪裁－經典剪裁提供大腿和膝部充足的空間方便活動，打造舒適直筒線條。', '<br>口袋內裡: 聚酯纖維 65%, 棉 35%\r\n<br>外層: 棉 98%, 彈性纖維 2%', 'FP1_80200008_black_0.jpg', 'FP1_80200008_black_1.jpg', 'FP1_80200008_black_2.jpg', 'FP1_80200008_black_3.jpg', '799', 0, 'FP1_80200008', '2022-06-29 02:00:41', '2022-06-12 11:19:47', '4.22', 5, '下著', 'M'),
(54, 18, '合身九分慢跑褲', '下著', 'Male', '九分慢跑褲，柔軟棉質斜紋布料，覆面鬆緊帶腰圍配隱形抽繩，拉鍊門襟配鈕扣，有斜側袋和鈕扣式嵌線後袋。合身剪裁－經典剪裁提供大腿和膝部充足的空間方便活動，打造舒適直筒線條。', '<br>口袋內裡: 聚酯纖維 65%, 棉 35%\r\n<br>外層: 棉 98%, 彈性纖維 2%', 'FP1_80200008_black_0.jpg', 'FP1_80200008_black_1.jpg', 'FP1_80200008_black_2.jpg', 'FP1_80200008_black_3.jpg', '799', 0, 'FP1_80200008', '2022-06-29 02:00:41', '2022-06-12 11:19:47', '4.22', 6, '下著', 'L'),
(55, 19, '貼身九分褲', '下著', 'Male', '九分褲，平織布料，腰部有隱形鉤扣和鈕扣，拉鍊門襟，有側袋和鈕扣式嵌線後袋，褲管有褶線。大腿和膝部貼身剪裁，打造合身線條。', '聚酯纖維 83%, 嫘縈 15%, 彈性纖維 2%', 'FP1_80200009_lightgray_0.jpg', 'FP1_80200009_lightgray_1.jpg', 'FP1_80200009_lightgray_2.jpg', 'FP1_80200009_lightgray_3.jpg', '699', 0, 'FP1_80200009', '2022-06-29 02:00:53', '2022-06-12 11:24:13', '4.23', 5, '下著', 'M'),
(56, 19, '貼身九分褲', '下著', 'Male', '九分褲，平織布料，腰部有隱形鉤扣和鈕扣，拉鍊門襟，有側袋和鈕扣式嵌線後袋，褲管有褶線。大腿和膝部貼身剪裁，打造合身線條。', '聚酯纖維 83%, 嫘縈 15%, 彈性纖維 2%', 'FP1_80200009_lightgray_0.jpg', 'FP1_80200009_lightgray_1.jpg', 'FP1_80200009_lightgray_2.jpg', 'FP1_80200009_lightgray_3.jpg', '699', 0, 'FP1_80200009', '2022-06-29 02:00:53', '2022-06-12 11:24:13', '4.23', 6, '下著', 'L'),
(57, 19, '貼身九分褲', '下著', 'Male', '九分褲，平織布料，腰部有隱形鉤扣和鈕扣，拉鍊門襟，有側袋和鈕扣式嵌線後袋，褲管有褶線。大腿和膝部貼身剪裁，打造合身線條。', '聚酯纖維 83%, 嫘縈 15%, 彈性纖維 2%', 'FP1_80200009_lightgray_0.jpg', 'FP1_80200009_lightgray_1.jpg', 'FP1_80200009_lightgray_2.jpg', 'FP1_80200009_lightgray_3.jpg', '699', 0, 'FP1_80200009', '2022-06-29 02:00:53', '2022-06-12 11:24:13', '4.23', 4, '下著', 'S'),
(58, 20, '防潑水卡其褲', '下著', 'Male', '卡其褲，防潑水尼龍布料，能防小雨。四面彈性機能，可提供極佳舒適感並增加靈活度。拉鍊門襟配按扣，有側袋、一個手機口袋和一個隱形拉鍊式後袋。腰部正面有小掛圈，可掛鑰匙圈。', '<br>口袋內裡: 聚酯纖維 80%, 棉 20%\r\n<br>外層: 聚醯胺纖維 88%, 彈性纖維 12%', 'FP1_80200010_black_0.jpg', 'FP1_80200010_black_1.jpg', 'FP1_80200010_black_2.jpg', 'FP1_80200010_black_3.jpg', '1499', 0, 'FP1_80200010', '2022-06-29 02:00:58', '2022-06-12 11:28:31', '4.21', 6, '下著', 'L'),
(59, 20, '防潑水卡其褲', '下著', 'Male', '卡其褲，防潑水尼龍布料，能防小雨。四面彈性機能，可提供極佳舒適感並增加靈活度。拉鍊門襟配按扣，有側袋、一個手機口袋和一個隱形拉鍊式後袋。腰部正面有小掛圈，可掛鑰匙圈。', '<br>口袋內裡: 聚酯纖維 80%, 棉 20%\r\n<br>外層: 聚醯胺纖維 88%, 彈性纖維 12%', 'FP1_80200010_black_0.jpg', 'FP1_80200010_black_1.jpg', 'FP1_80200010_black_2.jpg', 'FP1_80200010_black_3.jpg', '1499', 0, 'FP1_80200010', '2022-06-29 02:00:58', '2022-06-12 11:28:31', '4.21', 4, '下著', 'S'),
(60, 20, '防潑水卡其褲', '下著', 'Male', '卡其褲，防潑水尼龍布料，能防小雨。四面彈性機能，可提供極佳舒適感並增加靈活度。拉鍊門襟配按扣，有側袋、一個手機口袋和一個隱形拉鍊式後袋。腰部正面有小掛圈，可掛鑰匙圈。', '<br>口袋內裡: 聚酯纖維 80%, 棉 20%\r\n<br>外層: 聚醯胺纖維 88%, 彈性纖維 12%', 'FP1_80200010_black_0.jpg', 'FP1_80200010_black_1.jpg', 'FP1_80200010_black_2.jpg', 'FP1_80200010_black_3.jpg', '1499', 0, 'FP1_80200010', '2022-06-29 02:00:58', '2022-06-12 11:28:31', '4.21', 5, '下著', 'M'),
(61, 21, '德比鞋', '鞋', 'Male', '柔軟仿麂皮德比鞋，開放式鞋翼。棉質帆布內裡和內底，花紋鞋底。跟高2公分。', '<br>鞋底: 熱塑性橡膠 100%\r\n<br>鞋幫: 聚酯纖維 100%\r\n<br>內裡: 棉 100%', 'FP1_80300001_black_0.jpg', 'FP1_80300001_black_1.jpg', 'FP1_80300001_black_2.jpg', 'FP1_80300001_black_3.jpg', '1299', NULL, 'FP1_80300001', '2022-06-29 02:13:34', '2022-06-12 11:35:59', '3.28', 22, '鞋', '9.5'),
(62, 21, '德比鞋', '鞋', 'Male', '柔軟仿麂皮德比鞋，開放式鞋翼。棉質帆布內裡和內底，花紋鞋底。跟高2公分。', '<br>鞋底: 熱塑性橡膠 100%\r\n<br>鞋幫: 聚酯纖維 100%\r\n<br>內裡: 棉 100%', 'FP1_80300001_black_0.jpg', 'FP1_80300001_black_1.jpg', 'FP1_80300001_black_2.jpg', 'FP1_80300001_black_3.jpg', '1299', NULL, 'FP1_80300001', '2022-06-29 02:13:34', '2022-06-12 11:35:59', '3.28', 24, '鞋', '10.5'),
(63, 21, '德比鞋', '鞋', 'Male', '柔軟仿麂皮德比鞋，開放式鞋翼。棉質帆布內裡和內底，花紋鞋底。跟高2公分。', '<br>鞋底: 熱塑性橡膠 100%\r\n<br>鞋幫: 聚酯纖維 100%\r\n<br>內裡: 棉 100%', 'FP1_80300001_black_0.jpg', 'FP1_80300001_black_1.jpg', 'FP1_80300001_black_2.jpg', 'FP1_80300001_black_3.jpg', '1299', NULL, 'FP1_80300001', '2022-06-29 02:13:34', '2022-06-12 11:35:59', '3.28', 18, '鞋', '7.5'),
(64, 21, '德比鞋', '鞋', 'Male', '柔軟仿麂皮德比鞋，開放式鞋翼。棉質帆布內裡和內底，花紋鞋底。跟高2公分。', '<br>鞋底: 熱塑性橡膠 100%\r\n<br>鞋幫: 聚酯纖維 100%\r\n<br>內裡: 棉 100%', 'FP1_80300001_black_0.jpg', 'FP1_80300001_black_1.jpg', 'FP1_80300001_black_2.jpg', 'FP1_80300001_black_3.jpg', '1299', NULL, 'FP1_80300001', '2022-06-29 02:13:34', '2022-06-12 11:35:59', '3.28', 20, '鞋', '8.5'),
(65, 21, '德比鞋', '鞋', 'Male', '柔軟仿麂皮德比鞋，開放式鞋翼。棉質帆布內裡和內底，花紋鞋底。跟高2公分。', '<br>鞋底: 熱塑性橡膠 100%\r\n<br>鞋幫: 聚酯纖維 100%\r\n<br>內裡: 棉 100%', 'FP1_80300001_black_0.jpg', 'FP1_80300001_black_1.jpg', 'FP1_80300001_black_2.jpg', 'FP1_80300001_black_3.jpg', '1299', NULL, 'FP1_80300001', '2022-06-29 02:13:34', '2022-06-12 11:35:59', '3.28', 16, '鞋', '6.5'),
(66, 21, '德比鞋', '鞋', 'Male', '柔軟仿麂皮德比鞋，開放式鞋翼。棉質帆布內裡和內底，花紋鞋底。跟高2公分。', '<br>鞋底: 熱塑性橡膠 100%\r\n<br>鞋幫: 聚酯纖維 100%\r\n<br>內裡: 棉 100%', 'FP1_80300001_black_0.jpg', 'FP1_80300001_black_1.jpg', 'FP1_80300001_black_2.jpg', 'FP1_80300001_black_3.jpg', '1299', NULL, 'FP1_80300001', '2022-06-29 02:13:34', '2022-06-12 11:35:59', '3.28', 15, '鞋', '6'),
(67, 21, '德比鞋', '鞋', 'Male', '柔軟仿麂皮德比鞋，開放式鞋翼。棉質帆布內裡和內底，花紋鞋底。跟高2公分。', '<br>鞋底: 熱塑性橡膠 100%\r\n<br>鞋幫: 聚酯纖維 100%\r\n<br>內裡: 棉 100%', 'FP1_80300001_black_0.jpg', 'FP1_80300001_black_1.jpg', 'FP1_80300001_black_2.jpg', 'FP1_80300001_black_3.jpg', '1299', NULL, 'FP1_80300001', '2022-06-29 02:13:34', '2022-06-12 11:35:59', '3.28', 21, '鞋', '9'),
(68, 21, '德比鞋', '鞋', 'Male', '柔軟仿麂皮德比鞋，開放式鞋翼。棉質帆布內裡和內底，花紋鞋底。跟高2公分。', '<br>鞋底: 熱塑性橡膠 100%\r\n<br>鞋幫: 聚酯纖維 100%\r\n<br>內裡: 棉 100%', 'FP1_80300001_black_0.jpg', 'FP1_80300001_black_1.jpg', 'FP1_80300001_black_2.jpg', 'FP1_80300001_black_3.jpg', '1299', NULL, 'FP1_80300001', '2022-06-29 02:13:34', '2022-06-12 11:35:59', '3.28', 23, '鞋', '10'),
(69, 21, '德比鞋', '鞋', 'Male', '柔軟仿麂皮德比鞋，開放式鞋翼。棉質帆布內裡和內底，花紋鞋底。跟高2公分。', '<br>鞋底: 熱塑性橡膠 100%\r\n<br>鞋幫: 聚酯纖維 100%\r\n<br>內裡: 棉 100%', 'FP1_80300001_black_0.jpg', 'FP1_80300001_black_1.jpg', 'FP1_80300001_black_2.jpg', 'FP1_80300001_black_3.jpg', '1299', NULL, 'FP1_80300001', '2022-06-29 02:13:34', '2022-06-12 11:35:59', '3.28', 17, '鞋', '7'),
(70, 21, '德比鞋', '鞋', 'Male', '柔軟仿麂皮德比鞋，開放式鞋翼。棉質帆布內裡和內底，花紋鞋底。跟高2公分。', '<br>鞋底: 熱塑性橡膠 100%\r\n<br>鞋幫: 聚酯纖維 100%\r\n<br>內裡: 棉 100%', 'FP1_80300001_black_0.jpg', 'FP1_80300001_black_1.jpg', 'FP1_80300001_black_2.jpg', 'FP1_80300001_black_3.jpg', '1299', NULL, 'FP1_80300001', '2022-06-29 02:13:34', '2022-06-12 11:35:59', '3.28', 19, '鞋', '8'),
(71, 22, '戲水鞋\r\n', '鞋', 'Male', '戲水鞋，鞋面有寬飾帶，壓模內底。花紋鞋底，高4.5公分。', '<br>內裡: 乙烯-醋酸乙烯酯共聚物 100%\r\n<br>鞋幫: 乙烯-醋酸乙烯酯共聚物 100%\r\n<br>鞋底: 乙烯-醋酸乙烯酯共聚物 100%', 'FP1_80300002_black_0.jpg', 'FP1_80300002_black_1.jpg', 'FP1_80300002_black_2.jpg', '', '699', 0, 'FP1_80300002', '2022-06-29 02:01:37', '2022-06-12 11:40:31', '3.79', 24, '鞋', '10.5'),
(72, 22, '戲水鞋\r\n', '鞋', 'Male', '戲水鞋，鞋面有寬飾帶，壓模內底。花紋鞋底，高4.5公分。', '<br>內裡: 乙烯-醋酸乙烯酯共聚物 100%\r\n<br>鞋幫: 乙烯-醋酸乙烯酯共聚物 100%\r\n<br>鞋底: 乙烯-醋酸乙烯酯共聚物 100%', 'FP1_80300002_black_0.jpg', 'FP1_80300002_black_1.jpg', 'FP1_80300002_black_2.jpg', '', '699', 0, 'FP1_80300002', '2022-06-29 02:01:37', '2022-06-12 11:40:31', '3.79', 18, '鞋', '7.5'),
(73, 22, '戲水鞋\r\n', '鞋', 'Male', '戲水鞋，鞋面有寬飾帶，壓模內底。花紋鞋底，高4.5公分。', '<br>內裡: 乙烯-醋酸乙烯酯共聚物 100%\r\n<br>鞋幫: 乙烯-醋酸乙烯酯共聚物 100%\r\n<br>鞋底: 乙烯-醋酸乙烯酯共聚物 100%', 'FP1_80300002_black_0.jpg', 'FP1_80300002_black_1.jpg', 'FP1_80300002_black_2.jpg', '', '699', 0, 'FP1_80300002', '2022-06-29 02:01:37', '2022-06-12 11:40:31', '3.79', 20, '鞋', '8.5'),
(74, 22, '戲水鞋\r\n', '鞋', 'Male', '戲水鞋，鞋面有寬飾帶，壓模內底。花紋鞋底，高4.5公分。', '<br>內裡: 乙烯-醋酸乙烯酯共聚物 100%\r\n<br>鞋幫: 乙烯-醋酸乙烯酯共聚物 100%\r\n<br>鞋底: 乙烯-醋酸乙烯酯共聚物 100%', 'FP1_80300002_black_0.jpg', 'FP1_80300002_black_1.jpg', 'FP1_80300002_black_2.jpg', '', '699', 0, 'FP1_80300002', '2022-06-29 02:01:37', '2022-06-12 11:40:31', '3.79', 16, '鞋', '6.5'),
(75, 22, '戲水鞋\r\n', '鞋', 'Male', '戲水鞋，鞋面有寬飾帶，壓模內底。花紋鞋底，高4.5公分。', '<br>內裡: 乙烯-醋酸乙烯酯共聚物 100%\r\n<br>鞋幫: 乙烯-醋酸乙烯酯共聚物 100%\r\n<br>鞋底: 乙烯-醋酸乙烯酯共聚物 100%', 'FP1_80300002_black_0.jpg', 'FP1_80300002_black_1.jpg', 'FP1_80300002_black_2.jpg', '', '699', 0, 'FP1_80300002', '2022-06-29 02:01:37', '2022-06-12 11:40:31', '3.79', 21, '鞋', '9'),
(76, 22, '戲水鞋\r\n', '鞋', 'Male', '戲水鞋，鞋面有寬飾帶，壓模內底。花紋鞋底，高4.5公分。', '<br>內裡: 乙烯-醋酸乙烯酯共聚物 100%\r\n<br>鞋幫: 乙烯-醋酸乙烯酯共聚物 100%\r\n<br>鞋底: 乙烯-醋酸乙烯酯共聚物 100%', 'FP1_80300002_black_0.jpg', 'FP1_80300002_black_1.jpg', 'FP1_80300002_black_2.jpg', '', '699', 0, 'FP1_80300002', '2022-06-29 02:01:37', '2022-06-12 11:40:31', '3.79', 15, '鞋', '6'),
(77, 22, '戲水鞋\r\n', '鞋', 'Male', '戲水鞋，鞋面有寬飾帶，壓模內底。花紋鞋底，高4.5公分。', '<br>內裡: 乙烯-醋酸乙烯酯共聚物 100%\r\n<br>鞋幫: 乙烯-醋酸乙烯酯共聚物 100%\r\n<br>鞋底: 乙烯-醋酸乙烯酯共聚物 100%', 'FP1_80300002_black_0.jpg', 'FP1_80300002_black_1.jpg', 'FP1_80300002_black_2.jpg', '', '699', 0, 'FP1_80300002', '2022-06-29 02:01:37', '2022-06-12 11:40:31', '3.79', 23, '鞋', '10'),
(78, 22, '戲水鞋\r\n', '鞋', 'Male', '戲水鞋，鞋面有寬飾帶，壓模內底。花紋鞋底，高4.5公分。', '<br>內裡: 乙烯-醋酸乙烯酯共聚物 100%\r\n<br>鞋幫: 乙烯-醋酸乙烯酯共聚物 100%\r\n<br>鞋底: 乙烯-醋酸乙烯酯共聚物 100%', 'FP1_80300002_black_0.jpg', 'FP1_80300002_black_1.jpg', 'FP1_80300002_black_2.jpg', '', '699', 0, 'FP1_80300002', '2022-06-29 02:01:37', '2022-06-12 11:40:31', '3.79', 17, '鞋', '7'),
(79, 22, '戲水鞋\r\n', '鞋', 'Male', '戲水鞋，鞋面有寬飾帶，壓模內底。花紋鞋底，高4.5公分。', '<br>內裡: 乙烯-醋酸乙烯酯共聚物 100%\r\n<br>鞋幫: 乙烯-醋酸乙烯酯共聚物 100%\r\n<br>鞋底: 乙烯-醋酸乙烯酯共聚物 100%', 'FP1_80300002_black_0.jpg', 'FP1_80300002_black_1.jpg', 'FP1_80300002_black_2.jpg', '', '699', 0, 'FP1_80300002', '2022-06-29 02:01:37', '2022-06-12 11:40:31', '3.79', 19, '鞋', '8'),
(80, 22, '戲水鞋\r\n', '鞋', 'Male', '戲水鞋，鞋面有寬飾帶，壓模內底。花紋鞋底，高4.5公分。', '<br>內裡: 乙烯-醋酸乙烯酯共聚物 100%\r\n<br>鞋幫: 乙烯-醋酸乙烯酯共聚物 100%\r\n<br>鞋底: 乙烯-醋酸乙烯酯共聚物 100%', 'FP1_80300002_black_0.jpg', 'FP1_80300002_black_1.jpg', 'FP1_80300002_black_2.jpg', '', '699', 0, 'FP1_80300002', '2022-06-29 02:01:37', '2022-06-12 11:40:31', '3.79', 22, '鞋', '9.5'),
(81, 23, '懶人鞋', '鞋', 'Male', '平織布料運動鞋，網布鞋面，兩側鑲鬆緊帶，有後跟拉環。軟木內底；花紋橡膠鞋底，高2公分。', '<br>鞋幫: 聚酯纖維 100%\r\n<br>鞋底: 橡膠 100%\r\n<br>內裡: 棉 100%', 'FP1_80300003_darkblue_0.jpg', 'FP1_80300003_darkblue_1.jpg', 'FP1_80300003_darkblue_2.jpg', 'FP1_80300003_darkblue_3.jpg', '699', 0, 'FP1_80300003', '2022-06-29 02:01:40', '2022-06-12 12:21:25', '3.98', 21, '鞋', '9'),
(82, 23, '懶人鞋', '鞋', 'Male', '平織布料運動鞋，網布鞋面，兩側鑲鬆緊帶，有後跟拉環。軟木內底；花紋橡膠鞋底，高2公分。', '<br>鞋幫: 聚酯纖維 100%\r\n<br>鞋底: 橡膠 100%\r\n<br>內裡: 棉 100%', 'FP1_80300003_darkblue_0.jpg', 'FP1_80300003_darkblue_1.jpg', 'FP1_80300003_darkblue_2.jpg', 'FP1_80300003_darkblue_3.jpg', '699', 0, 'FP1_80300003', '2022-06-29 02:01:40', '2022-06-12 12:21:25', '3.98', 15, '鞋', '6'),
(83, 23, '懶人鞋', '鞋', 'Male', '平織布料運動鞋，網布鞋面，兩側鑲鬆緊帶，有後跟拉環。軟木內底；花紋橡膠鞋底，高2公分。', '<br>鞋幫: 聚酯纖維 100%\r\n<br>鞋底: 橡膠 100%\r\n<br>內裡: 棉 100%', 'FP1_80300003_darkblue_0.jpg', 'FP1_80300003_darkblue_1.jpg', 'FP1_80300003_darkblue_2.jpg', 'FP1_80300003_darkblue_3.jpg', '699', 0, 'FP1_80300003', '2022-06-29 02:01:40', '2022-06-12 12:21:25', '3.98', 23, '鞋', '10'),
(84, 23, '懶人鞋', '鞋', 'Male', '平織布料運動鞋，網布鞋面，兩側鑲鬆緊帶，有後跟拉環。軟木內底；花紋橡膠鞋底，高2公分。', '<br>鞋幫: 聚酯纖維 100%\r\n<br>鞋底: 橡膠 100%\r\n<br>內裡: 棉 100%', 'FP1_80300003_darkblue_0.jpg', 'FP1_80300003_darkblue_1.jpg', 'FP1_80300003_darkblue_2.jpg', 'FP1_80300003_darkblue_3.jpg', '699', 0, 'FP1_80300003', '2022-06-29 02:01:40', '2022-06-12 12:21:25', '3.98', 17, '鞋', '7'),
(85, 23, '懶人鞋', '鞋', 'Male', '平織布料運動鞋，網布鞋面，兩側鑲鬆緊帶，有後跟拉環。軟木內底；花紋橡膠鞋底，高2公分。', '<br>鞋幫: 聚酯纖維 100%\r\n<br>鞋底: 橡膠 100%\r\n<br>內裡: 棉 100%', 'FP1_80300003_darkblue_0.jpg', 'FP1_80300003_darkblue_1.jpg', 'FP1_80300003_darkblue_2.jpg', 'FP1_80300003_darkblue_3.jpg', '699', 0, 'FP1_80300003', '2022-06-29 02:01:40', '2022-06-12 12:21:25', '3.98', 19, '鞋', '8'),
(86, 23, '懶人鞋', '鞋', 'Male', '平織布料運動鞋，網布鞋面，兩側鑲鬆緊帶，有後跟拉環。軟木內底；花紋橡膠鞋底，高2公分。', '<br>鞋幫: 聚酯纖維 100%\r\n<br>鞋底: 橡膠 100%\r\n<br>內裡: 棉 100%', 'FP1_80300003_darkblue_0.jpg', 'FP1_80300003_darkblue_1.jpg', 'FP1_80300003_darkblue_2.jpg', 'FP1_80300003_darkblue_3.jpg', '699', 0, 'FP1_80300003', '2022-06-29 02:01:40', '2022-06-12 12:21:25', '3.98', 24, '鞋', '10.5'),
(87, 23, '懶人鞋', '鞋', 'Male', '平織布料運動鞋，網布鞋面，兩側鑲鬆緊帶，有後跟拉環。軟木內底；花紋橡膠鞋底，高2公分。', '<br>鞋幫: 聚酯纖維 100%\r\n<br>鞋底: 橡膠 100%\r\n<br>內裡: 棉 100%', 'FP1_80300003_darkblue_0.jpg', 'FP1_80300003_darkblue_1.jpg', 'FP1_80300003_darkblue_2.jpg', 'FP1_80300003_darkblue_3.jpg', '699', 0, 'FP1_80300003', '2022-06-29 02:01:40', '2022-06-12 12:21:25', '3.98', 18, '鞋', '7.5'),
(88, 23, '懶人鞋', '鞋', 'Male', '平織布料運動鞋，網布鞋面，兩側鑲鬆緊帶，有後跟拉環。軟木內底；花紋橡膠鞋底，高2公分。', '<br>鞋幫: 聚酯纖維 100%\r\n<br>鞋底: 橡膠 100%\r\n<br>內裡: 棉 100%', 'FP1_80300003_darkblue_0.jpg', 'FP1_80300003_darkblue_1.jpg', 'FP1_80300003_darkblue_2.jpg', 'FP1_80300003_darkblue_3.jpg', '699', 0, 'FP1_80300003', '2022-06-29 02:01:40', '2022-06-12 12:21:25', '3.98', 20, '鞋', '8.5'),
(89, 23, '懶人鞋', '鞋', 'Male', '平織布料運動鞋，網布鞋面，兩側鑲鬆緊帶，有後跟拉環。軟木內底；花紋橡膠鞋底，高2公分。', '<br>鞋幫: 聚酯纖維 100%\r\n<br>鞋底: 橡膠 100%\r\n<br>內裡: 棉 100%', 'FP1_80300003_darkblue_0.jpg', 'FP1_80300003_darkblue_1.jpg', 'FP1_80300003_darkblue_2.jpg', 'FP1_80300003_darkblue_3.jpg', '699', 0, 'FP1_80300003', '2022-06-29 02:01:40', '2022-06-12 12:21:25', '3.98', 22, '鞋', '9.5'),
(90, 23, '懶人鞋', '鞋', 'Male', '平織布料運動鞋，網布鞋面，兩側鑲鬆緊帶，有後跟拉環。軟木內底；花紋橡膠鞋底，高2公分。', '<br>鞋幫: 聚酯纖維 100%\r\n<br>鞋底: 橡膠 100%\r\n<br>內裡: 棉 100%', 'FP1_80300003_darkblue_0.jpg', 'FP1_80300003_darkblue_1.jpg', 'FP1_80300003_darkblue_2.jpg', 'FP1_80300003_darkblue_3.jpg', '699', 0, 'FP1_80300003', '2022-06-29 02:01:40', '2022-06-12 12:21:25', '3.98', 16, '鞋', '6.5'),
(91, 24, '高筒帆布鞋', '鞋', 'Male', '運動鞋。 厚棉帆布高幫上衣，正面有鞋舌和繫帶。 一側有金屬扣眼。 棉帆布襯里和鞋墊。 圖案橡膠鞋底。', '<br>鞋底: 橡膠 100%\r\n<br>鞋幫: 棉 100%\r\n<br>內裡: 棉 100%', 'FP1_80300004_blue_0.jpg', 'FP1_80300004_blue_1.jpg', 'FP1_80300004_blue_2.jpg', 'FP1_80300004_blue_3.jpg', '799', 0, 'FP1_80300004', '2022-06-29 02:01:48', '2022-06-12 12:35:41', '4.28', 19, '鞋', '8'),
(92, 24, '高筒帆布鞋', '鞋', 'Male', '運動鞋。 厚棉帆布高幫上衣，正面有鞋舌和繫帶。 一側有金屬扣眼。 棉帆布襯里和鞋墊。 圖案橡膠鞋底。', '<br>鞋底: 橡膠 100%\r\n<br>鞋幫: 棉 100%\r\n<br>內裡: 棉 100%', 'FP1_80300004_blue_0.jpg', 'FP1_80300004_blue_1.jpg', 'FP1_80300004_blue_2.jpg', 'FP1_80300004_blue_3.jpg', '799', 0, 'FP1_80300004', '2022-06-29 02:01:48', '2022-06-12 12:35:41', '4.28', 15, '鞋', '6'),
(93, 24, '高筒帆布鞋', '鞋', 'Male', '運動鞋。 厚棉帆布高幫上衣，正面有鞋舌和繫帶。 一側有金屬扣眼。 棉帆布襯里和鞋墊。 圖案橡膠鞋底。', '<br>鞋底: 橡膠 100%\r\n<br>鞋幫: 棉 100%\r\n<br>內裡: 棉 100%', 'FP1_80300004_blue_0.jpg', 'FP1_80300004_blue_1.jpg', 'FP1_80300004_blue_2.jpg', 'FP1_80300004_blue_3.jpg', '799', 0, 'FP1_80300004', '2022-06-29 02:01:48', '2022-06-12 12:35:41', '4.28', 24, '鞋', '10.5'),
(94, 24, '高筒帆布鞋', '鞋', 'Male', '運動鞋。 厚棉帆布高幫上衣，正面有鞋舌和繫帶。 一側有金屬扣眼。 棉帆布襯里和鞋墊。 圖案橡膠鞋底。', '<br>鞋底: 橡膠 100%\r\n<br>鞋幫: 棉 100%\r\n<br>內裡: 棉 100%', 'FP1_80300004_blue_0.jpg', 'FP1_80300004_blue_1.jpg', 'FP1_80300004_blue_2.jpg', 'FP1_80300004_blue_3.jpg', '799', 0, 'FP1_80300004', '2022-06-29 02:01:48', '2022-06-12 12:35:41', '4.28', 18, '鞋', '7.5'),
(95, 24, '高筒帆布鞋', '鞋', 'Male', '運動鞋。 厚棉帆布高幫上衣，正面有鞋舌和繫帶。 一側有金屬扣眼。 棉帆布襯里和鞋墊。 圖案橡膠鞋底。', '<br>鞋底: 橡膠 100%\r\n<br>鞋幫: 棉 100%\r\n<br>內裡: 棉 100%', 'FP1_80300004_blue_0.jpg', 'FP1_80300004_blue_1.jpg', 'FP1_80300004_blue_2.jpg', 'FP1_80300004_blue_3.jpg', '799', 0, 'FP1_80300004', '2022-06-29 02:01:48', '2022-06-12 12:35:41', '4.28', 20, '鞋', '8.5'),
(96, 24, '高筒帆布鞋', '鞋', 'Male', '運動鞋。 厚棉帆布高幫上衣，正面有鞋舌和繫帶。 一側有金屬扣眼。 棉帆布襯里和鞋墊。 圖案橡膠鞋底。', '<br>鞋底: 橡膠 100%\r\n<br>鞋幫: 棉 100%\r\n<br>內裡: 棉 100%', 'FP1_80300004_blue_0.jpg', 'FP1_80300004_blue_1.jpg', 'FP1_80300004_blue_2.jpg', 'FP1_80300004_blue_3.jpg', '799', 0, 'FP1_80300004', '2022-06-29 02:01:48', '2022-06-12 12:35:41', '4.28', 22, '鞋', '9.5'),
(97, 24, '高筒帆布鞋', '鞋', 'Male', '運動鞋。 厚棉帆布高幫上衣，正面有鞋舌和繫帶。 一側有金屬扣眼。 棉帆布襯里和鞋墊。 圖案橡膠鞋底。', '<br>鞋底: 橡膠 100%\r\n<br>鞋幫: 棉 100%\r\n<br>內裡: 棉 100%', 'FP1_80300004_blue_0.jpg', 'FP1_80300004_blue_1.jpg', 'FP1_80300004_blue_2.jpg', 'FP1_80300004_blue_3.jpg', '799', 0, 'FP1_80300004', '2022-06-29 02:01:48', '2022-06-12 12:35:41', '4.28', 16, '鞋', '6.5'),
(98, 24, '高筒帆布鞋', '鞋', 'Male', '運動鞋。 厚棉帆布高幫上衣，正面有鞋舌和繫帶。 一側有金屬扣眼。 棉帆布襯里和鞋墊。 圖案橡膠鞋底。', '<br>鞋底: 橡膠 100%\r\n<br>鞋幫: 棉 100%\r\n<br>內裡: 棉 100%', 'FP1_80300004_blue_0.jpg', 'FP1_80300004_blue_1.jpg', 'FP1_80300004_blue_2.jpg', 'FP1_80300004_blue_3.jpg', '799', 0, 'FP1_80300004', '2022-06-29 02:01:48', '2022-06-12 12:35:41', '4.28', 21, '鞋', '9'),
(99, 24, '高筒帆布鞋', '鞋', 'Male', '運動鞋。 厚棉帆布高幫上衣，正面有鞋舌和繫帶。 一側有金屬扣眼。 棉帆布襯里和鞋墊。 圖案橡膠鞋底。', '<br>鞋底: 橡膠 100%\r\n<br>鞋幫: 棉 100%\r\n<br>內裡: 棉 100%', 'FP1_80300004_blue_0.jpg', 'FP1_80300004_blue_1.jpg', 'FP1_80300004_blue_2.jpg', 'FP1_80300004_blue_3.jpg', '799', 0, 'FP1_80300004', '2022-06-29 02:01:48', '2022-06-12 12:35:41', '4.28', 23, '鞋', '10'),
(100, 24, '高筒帆布鞋', '鞋', 'Male', '運動鞋。 厚棉帆布高幫上衣，正面有鞋舌和繫帶。 一側有金屬扣眼。 棉帆布襯里和鞋墊。 圖案橡膠鞋底。', '<br>鞋底: 橡膠 100%\r\n<br>鞋幫: 棉 100%\r\n<br>內裡: 棉 100%', 'FP1_80300004_blue_0.jpg', 'FP1_80300004_blue_1.jpg', 'FP1_80300004_blue_2.jpg', 'FP1_80300004_blue_3.jpg', '799', 0, 'FP1_80300004', '2022-06-29 02:01:48', '2022-06-12 12:35:41', '4.28', 17, '鞋', '7'),
(101, 25, '帆布運動鞋', '鞋', 'Male', '仿皮人字拖，鞋面有車棉飾帶，壓模內底。花紋鞋底，高2公分。', '<br>內裡: 棉 100%\r\n<br>鞋底: 橡膠 100%\r\n<br>鞋幫: 棉 100%', 'FP1_80300005_turquoise_0.jpg', 'FP1_80300005_turquoise_1.jpg', 'FP1_80300005_turquoise_2.jpg', 'FP1_80300005_turquoise_3.jpg', '699', 0, 'FP1_80300005', '2022-06-29 02:01:54', '2022-06-12 12:53:09', '4.42', 24, '鞋', '10.5'),
(102, 25, '帆布運動鞋', '鞋', 'Male', '仿皮人字拖，鞋面有車棉飾帶，壓模內底。花紋鞋底，高2公分。', '<br>內裡: 棉 100%\r\n<br>鞋底: 橡膠 100%\r\n<br>鞋幫: 棉 100%', 'FP1_80300005_turquoise_0.jpg', 'FP1_80300005_turquoise_1.jpg', 'FP1_80300005_turquoise_2.jpg', 'FP1_80300005_turquoise_3.jpg', '699', 0, 'FP1_80300005', '2022-06-29 02:01:54', '2022-06-12 12:53:09', '4.42', 18, '鞋', '7.5'),
(103, 25, '帆布運動鞋', '鞋', 'Male', '仿皮人字拖，鞋面有車棉飾帶，壓模內底。花紋鞋底，高2公分。', '<br>內裡: 棉 100%\r\n<br>鞋底: 橡膠 100%\r\n<br>鞋幫: 棉 100%', 'FP1_80300005_turquoise_0.jpg', 'FP1_80300005_turquoise_1.jpg', 'FP1_80300005_turquoise_2.jpg', 'FP1_80300005_turquoise_3.jpg', '699', 0, 'FP1_80300005', '2022-06-29 02:01:54', '2022-06-12 12:53:09', '4.42', 20, '鞋', '8.5'),
(104, 25, '帆布運動鞋', '鞋', 'Male', '仿皮人字拖，鞋面有車棉飾帶，壓模內底。花紋鞋底，高2公分。', '<br>內裡: 棉 100%\r\n<br>鞋底: 橡膠 100%\r\n<br>鞋幫: 棉 100%', 'FP1_80300005_turquoise_0.jpg', 'FP1_80300005_turquoise_1.jpg', 'FP1_80300005_turquoise_2.jpg', 'FP1_80300005_turquoise_3.jpg', '699', 0, 'FP1_80300005', '2022-06-29 02:01:54', '2022-06-12 12:53:09', '4.42', 22, '鞋', '9.5'),
(105, 25, '帆布運動鞋', '鞋', 'Male', '仿皮人字拖，鞋面有車棉飾帶，壓模內底。花紋鞋底，高2公分。', '<br>內裡: 棉 100%\r\n<br>鞋底: 橡膠 100%\r\n<br>鞋幫: 棉 100%', 'FP1_80300005_turquoise_0.jpg', 'FP1_80300005_turquoise_1.jpg', 'FP1_80300005_turquoise_2.jpg', 'FP1_80300005_turquoise_3.jpg', '699', 0, 'FP1_80300005', '2022-06-29 02:01:54', '2022-06-12 12:53:09', '4.42', 16, '鞋', '6.5'),
(106, 25, '帆布運動鞋', '鞋', 'Male', '仿皮人字拖，鞋面有車棉飾帶，壓模內底。花紋鞋底，高2公分。', '<br>內裡: 棉 100%\r\n<br>鞋底: 橡膠 100%\r\n<br>鞋幫: 棉 100%', 'FP1_80300005_turquoise_0.jpg', 'FP1_80300005_turquoise_1.jpg', 'FP1_80300005_turquoise_2.jpg', 'FP1_80300005_turquoise_3.jpg', '699', 0, 'FP1_80300005', '2022-06-29 02:01:54', '2022-06-12 12:53:09', '4.42', 21, '鞋', '9'),
(107, 25, '帆布運動鞋', '鞋', 'Male', '仿皮人字拖，鞋面有車棉飾帶，壓模內底。花紋鞋底，高2公分。', '<br>內裡: 棉 100%\r\n<br>鞋底: 橡膠 100%\r\n<br>鞋幫: 棉 100%', 'FP1_80300005_turquoise_0.jpg', 'FP1_80300005_turquoise_1.jpg', 'FP1_80300005_turquoise_2.jpg', 'FP1_80300005_turquoise_3.jpg', '699', 0, 'FP1_80300005', '2022-06-29 02:01:54', '2022-06-12 12:53:09', '4.42', 23, '鞋', '10'),
(108, 25, '帆布運動鞋', '鞋', 'Male', '仿皮人字拖，鞋面有車棉飾帶，壓模內底。花紋鞋底，高2公分。', '<br>內裡: 棉 100%\r\n<br>鞋底: 橡膠 100%\r\n<br>鞋幫: 棉 100%', 'FP1_80300005_turquoise_0.jpg', 'FP1_80300005_turquoise_1.jpg', 'FP1_80300005_turquoise_2.jpg', 'FP1_80300005_turquoise_3.jpg', '699', 0, 'FP1_80300005', '2022-06-29 02:01:54', '2022-06-12 12:53:09', '4.42', 17, '鞋', '7'),
(109, 25, '帆布運動鞋', '鞋', 'Male', '仿皮人字拖，鞋面有車棉飾帶，壓模內底。花紋鞋底，高2公分。', '<br>內裡: 棉 100%\r\n<br>鞋底: 橡膠 100%\r\n<br>鞋幫: 棉 100%', 'FP1_80300005_turquoise_0.jpg', 'FP1_80300005_turquoise_1.jpg', 'FP1_80300005_turquoise_2.jpg', 'FP1_80300005_turquoise_3.jpg', '699', 0, 'FP1_80300005', '2022-06-29 02:01:54', '2022-06-12 12:53:09', '4.42', 19, '鞋', '8'),
(110, 25, '帆布運動鞋', '鞋', 'Male', '仿皮人字拖，鞋面有車棉飾帶，壓模內底。花紋鞋底，高2公分。', '<br>內裡: 棉 100%\r\n<br>鞋底: 橡膠 100%\r\n<br>鞋幫: 棉 100%', 'FP1_80300005_turquoise_0.jpg', 'FP1_80300005_turquoise_1.jpg', 'FP1_80300005_turquoise_2.jpg', 'FP1_80300005_turquoise_3.jpg', '699', 0, 'FP1_80300005', '2022-06-29 02:01:54', '2022-06-12 12:53:09', '4.42', 15, '鞋', '6'),
(111, 26, '可收納多功能包', '包', 'Male', '多功能包，抗撕裂布料，可作為後背包和手提包。上部有雙提把，包口有拉鍊，可調式薄鋪棉背帶有扣鎖，背面口袋可隱藏背帶。正面有一個拉鍊式夾層，兩側有開放式網布夾層。有一個拉鍊式內夾層，包包可輕鬆折疊並收納於此夾層，收納完成時有實用背帶。有內裡。深約8公分，寬約34公分，高約35公分。', '<br>外層: 聚酯纖維 100%\r\n<br>內裡: 聚酯纖維 100%\r\n<br>內襯: 聚乙烯纖維 100%', 'FP1_80400001_black_0.jpg', 'FP1_80400001_black_1.jpg', 'FP1_80400001_black_2.jpg', 'FP1_80400001_black_3.jpg', '999', 0, 'FP1_80400001', '2022-06-29 02:02:53', '2022-06-12 13:55:32', '3.96', 7, '包', 'ONE SIZE'),
(112, 27, '度假包', '包', 'Male', '平織布料度假包，上部有雙提把，包口有雙頭拉鍊，可調式背帶可拆。短側有可調式扣帶，可調整包包大小。有一個拉鍊式外格和一個拉鍊式內夾層。有內裡。深22公分，寬48公分，高39公分。', '<br>外層: 聚酯纖維 100%\r\n<br>內裡: 聚酯纖維 100%', 'FP1_80400002_black_0.jpg', 'FP1_80400002_black_1.jpg', 'FP1_80400002_black_2.jpg', 'FP1_80400002_black_3.jpg', '799', 0, 'FP1_80400002', '2022-06-29 02:02:56', '2022-06-15 12:43:16', '3.92', 7, '包', 'ONE SIZE'),
(113, 28, '腰包', '包', 'Male', '腰包，耐用平織布料，正面有一個不對稱網布夾層，背面有一個拉鍊式網布夾層。包口有雙頭拉鍊，可調式腰帶配塑膠扣鎖。有內裡。深7.5公分，高16公分，寬36公分。', '<br>內裡: 聚酯纖維 100%\r\n<br>外層: 聚酯纖維 100%', 'FP1_80400003_lightpurple_0.jpg', 'FP1_80400003_lightpurple_1.jpg', 'FP1_80400003_lightpurple_2.jpg', 'FP1_80400003_lightpurple_3.jpg', '699', 0, 'FP1_80400003', '2022-06-29 02:02:59', '2022-06-15 12:46:10', '4.03', 7, '包', 'ONE SIZE'),
(114, 29, '卷口式後背包', '包', 'Male', '平織布料後背包，上部有單提把，卷式包口有拉鍊和可調式塑膠扣扣帶。可調式鋪棉背帶，兩側皆有夾層和可調式塑膠扣扣帶。背面有拉鍊式鋪棉筆電夾層，有一個拉鍊式網布小內夾層。鋪棉底墊。有內裡。包底寬約26公分，包口收卷後高約44公分。', '<br>外層: 聚酯纖維 100%\r\n<br>內襯: 聚乙烯纖維 100%\r\n<br>內裡: 聚酯纖維 100%', 'FP1_80400004_black_0.jpg', 'FP1_80400004_black_1.jpg', 'FP1_80400004_black_2.jpg', 'FP1_80400004_black_3.jpg', '999', 0, 'FP1_80400004', '2022-06-29 02:03:03', '2022-06-16 01:44:41', '4.08', 7, '包', 'ONE SIZE'),
(115, 30, '小肩包', '包', 'Male', '小肩包，平織布料，包口有拉鍊，可調式背帶可拆。正面有一個拉鍊式外格，背面有一個開口式小外格，有一個內夾層。有內裡。深2.5公分，寬11公分，高17.5公分。', '<br>外層: 聚酯纖維 100%\r\n<br>內裡: 聚酯纖維 100%', 'FP1_80400005_black_0.jpg', 'FP1_80400005_black_1.jpg', 'FP1_80400005_black_2.jpg', 'FP1_80400005_black_3.jpg', '399', 0, 'FP1_80400005_black', '2022-06-29 02:03:06', '2022-06-16 01:50:19', '3.61', 7, '包', 'ONE SIZE'),
(116, 31, '羅紋T恤', '上衣', 'Female', '長版T恤，柔軟棉質混紡羅紋平紋布料，圓領有飾邊，垂肩設計，不收邊直身下襬，兩側開衩。', '棉 62%, 聚酯纖維 33%, 彈性纖維 5%', 'FP2_80100001_cream_0.jpg', 'FP2_80100001_cream_1.jpg', 'FP2_80100001_cream_2.jpg', 'FP2_80100001_cream_3.jpg', '699', 0, 'FP2_80100001', '2022-06-16 03:41:06', '2022-06-16 01:56:08', '3.93', 2, '上衣', 'M'),
(117, 31, '羅紋T恤', '上衣', 'Female', '長版T恤，柔軟棉質混紡羅紋平紋布料，圓領有飾邊，垂肩設計，不收邊直身下襬，兩側開衩。', '棉 62%, 聚酯纖維 33%, 彈性纖維 5%', 'FP2_80100001_cream_0.jpg', 'FP2_80100001_cream_1.jpg', 'FP2_80100001_cream_2.jpg', 'FP2_80100001_cream_3.jpg', '699', 0, 'FP2_80100001', '2022-06-16 03:41:06', '2022-06-16 01:56:08', '3.93', 1, '上衣', 'S'),
(118, 31, '羅紋T恤', '上衣', 'Female', '長版T恤，柔軟棉質混紡羅紋平紋布料，圓領有飾邊，垂肩設計，不收邊直身下襬，兩側開衩。', '棉 62%, 聚酯纖維 33%, 彈性纖維 5%', 'FP2_80100001_cream_0.jpg', 'FP2_80100001_cream_1.jpg', 'FP2_80100001_cream_2.jpg', 'FP2_80100001_cream_3.jpg', '699', 0, 'FP2_80100001', '2022-06-16 03:41:06', '2022-06-16 01:56:08', '3.93', 3, '上衣', 'L'),
(119, 32, '莫代爾混紡T恤', '上衣', 'Female', '莫代爾和棉混紡柔軟竹節平紋針織T恤。寬領口和圓形下擺。', '棉 50%, 莫代爾纖維 50%', 'FP2_80100002_lightbluemelange_0.jpg', 'FP2_80100002_lightbluemelange_1.jpg', 'FP2_80100002_lightbluemelange_2.jpg', 'FP2_80100002_lightbluemelange_3.jpg', '349', 0, 'FP2_80100002', '2022-06-16 03:40:50', '2022-06-16 02:49:42', '4.88', 1, '上衣', 'S'),
(120, 32, '莫代爾混紡T恤', '上衣', 'Female', '莫代爾和棉混紡柔軟竹節平紋針織T恤。寬領口和圓形下擺。', '棉 50%, 莫代爾纖維 50%', 'FP2_80100002_lightbluemelange_0.jpg', 'FP2_80100002_lightbluemelange_1.jpg', 'FP2_80100002_lightbluemelange_2.jpg', 'FP2_80100002_lightbluemelange_3.jpg', '349', 0, 'FP2_80100002', '2022-06-16 03:40:50', '2022-06-16 02:49:42', '4.88', 3, '上衣', 'L'),
(121, 32, '莫代爾混紡T恤', '上衣', 'Female', '莫代爾和棉混紡柔軟竹節平紋針織T恤。寬領口和圓形下擺。', '棉 50%, 莫代爾纖維 50%', 'FP2_80100002_lightbluemelange_0.jpg', 'FP2_80100002_lightbluemelange_1.jpg', 'FP2_80100002_lightbluemelange_2.jpg', 'FP2_80100002_lightbluemelange_3.jpg', '349', 0, 'FP2_80100002', '2022-06-16 03:40:50', '2022-06-16 02:49:42', '4.88', 2, '上衣', 'M'),
(122, 33, '亞麻混紡女衫', '上衣', 'Female', '透氣梭織亞麻棉混紡襯衫。 圓領，V 形開口，頂部有窄繫帶，泡泡袖，袖口和下擺有包邊鬆緊帶。 無襯裡。', '亞麻 55%, 棉 45%', 'FP2_80100003_white_0.jpg', 'FP2_80100003_white_1.jpg', 'FP2_80100003_white_2.jpg', 'FP2_80100003_white_3.jpg', '699', 0, 'FP2_80100003', '2022-06-16 03:41:30', '2022-06-16 03:11:51', '4.80', 1, '上衣', 'S'),
(123, 33, '亞麻混紡女衫', '上衣', 'Female', '透氣梭織亞麻棉混紡襯衫。 圓領，V 形開口，頂部有窄繫帶，泡泡袖，袖口和下擺有包邊鬆緊帶。 無襯裡。', '亞麻 55%, 棉 45%', 'FP2_80100003_white_0.jpg', 'FP2_80100003_white_1.jpg', 'FP2_80100003_white_2.jpg', 'FP2_80100003_white_3.jpg', '699', 0, 'FP2_80100003', '2022-06-16 03:41:30', '2022-06-16 03:11:51', '4.80', 3, '上衣', 'L'),
(124, 33, '亞麻混紡女衫', '上衣', 'Female', '透氣梭織亞麻棉混紡襯衫。 圓領，V 形開口，頂部有窄繫帶，泡泡袖，袖口和下擺有包邊鬆緊帶。 無襯裡。', '亞麻 55%, 棉 45%', 'FP2_80100003_white_0.jpg', 'FP2_80100003_white_1.jpg', 'FP2_80100003_white_2.jpg', 'FP2_80100003_white_3.jpg', '699', 0, 'FP2_80100003', '2022-06-16 03:41:30', '2022-06-16 03:11:51', '4.80', 2, '上衣', 'M'),
(125, 34, '加大碼圖案T恤', '上衣', 'Female', '加大碼圖案T恤，棉質平紋布料，寬鬆垂肩五分袖。', '棉 100%', 'FP2_80100004_pink_0.jpg', 'FP2_80100004_pink_1.jpg', 'FP2_80100004_pink_2.jpg', 'FP2_80100004_pink_3.jpg', '499', 0, 'FP2_80100004', '2022-06-16 03:41:49', '2022-06-16 03:33:30', '3.75', 2, '上衣', 'M'),
(126, 34, '加大碼圖案T恤', '上衣', 'Female', '加大碼圖案T恤，棉質平紋布料，寬鬆垂肩五分袖。', '棉 100%', 'FP2_80100004_pink_0.jpg', 'FP2_80100004_pink_1.jpg', 'FP2_80100004_pink_2.jpg', 'FP2_80100004_pink_3.jpg', '499', 0, 'FP2_80100004', '2022-06-16 03:41:49', '2022-06-16 03:33:30', '3.75', 1, '上衣', 'S'),
(127, 34, '加大碼圖案T恤', '上衣', 'Female', '加大碼圖案T恤，棉質平紋布料，寬鬆垂肩五分袖。', '棉 100%', 'FP2_80100004_pink_0.jpg', 'FP2_80100004_pink_1.jpg', 'FP2_80100004_pink_2.jpg', 'FP2_80100004_pink_3.jpg', '499', 0, 'FP2_80100004', '2022-06-16 03:41:49', '2022-06-16 03:33:30', '3.75', 3, '上衣', 'L'),
(128, 35, '短版T恤', '上衣', 'Female', '短版T恤，柔軟平紋布料，方形剪裁，羅紋圓領，垂肩寬鬆衣袖。', '棉 100%', 'FP2_80100005_lightyellow_0.jpg', 'FP2_80100005_lightyellow_1.jpg', 'FP2_80100005_lightyellow_2.jpg', 'FP2_80100005_lightyellow_3.jpg', '149', 0, 'FP2_80100005', '2022-06-16 03:48:43', '2022-06-16 03:48:43', '4.20', 2, '上衣', 'M'),
(129, 35, '短版T恤', '上衣', 'Female', '短版T恤，柔軟平紋布料，方形剪裁，羅紋圓領，垂肩寬鬆衣袖。', '棉 100%', 'FP2_80100005_lightyellow_0.jpg', 'FP2_80100005_lightyellow_1.jpg', 'FP2_80100005_lightyellow_2.jpg', 'FP2_80100005_lightyellow_3.jpg', '149', 0, 'FP2_80100005', '2022-06-16 03:48:43', '2022-06-16 03:48:43', '4.20', 1, '上衣', 'S'),
(130, 35, '短版T恤', '上衣', 'Female', '短版T恤，柔軟平紋布料，方形剪裁，羅紋圓領，垂肩寬鬆衣袖。', '棉 100%', 'FP2_80100005_lightyellow_0.jpg', 'FP2_80100005_lightyellow_1.jpg', 'FP2_80100005_lightyellow_2.jpg', 'FP2_80100005_lightyellow_3.jpg', '149', 0, 'FP2_80100005', '2022-06-16 03:48:43', '2022-06-16 03:48:43', '4.20', 3, '上衣', 'L'),
(131, 36, '莫代爾混紡洋裝', '洋裝', 'Female', '圓領中長版洋裝，柔軟莫代爾纖維和棉質混紡平紋布料，長袖款式，兩側開衩。', '莫代爾纖維 52%, 棉 48%', 'FP2_80100006_khakigreen_0.jpg', 'FP2_80100006_khakigreen_1.jpg', 'FP2_80100006_khakigreen_2.jpg', 'FP2_80100006_khakigreen_3.jpg', '699', 0, 'FP2_80100006', '2022-06-29 02:11:17', '2022-06-16 03:58:02', '3.29', 9, '洋裝', 'S'),
(132, 36, '莫代爾混紡洋裝', '洋裝', 'Female', '圓領中長版洋裝，柔軟莫代爾纖維和棉質混紡平紋布料，長袖款式，兩側開衩。', '莫代爾纖維 52%, 棉 48%', 'FP2_80100006_khakigreen_0.jpg', 'FP2_80100006_khakigreen_1.jpg', 'FP2_80100006_khakigreen_2.jpg', 'FP2_80100006_khakigreen_3.jpg', '699', 0, 'FP2_80100006', '2022-06-29 02:11:17', '2022-06-16 03:58:02', '3.29', 10, '洋裝', 'M'),
(133, 36, '莫代爾混紡洋裝', '洋裝', 'Female', '圓領中長版洋裝，柔軟莫代爾纖維和棉質混紡平紋布料，長袖款式，兩側開衩。', '莫代爾纖維 52%, 棉 48%', 'FP2_80100006_khakigreen_0.jpg', 'FP2_80100006_khakigreen_1.jpg', 'FP2_80100006_khakigreen_2.jpg', 'FP2_80100006_khakigreen_3.jpg', '699', 0, 'FP2_80100006', '2022-06-29 02:11:17', '2022-06-16 03:58:02', '3.29', 11, '洋裝', 'L'),
(134, 37, '萊賽爾混紡羅紋洋裝', '洋裝', 'Female', '羅紋精織中長版洋裝，萊賽爾混紡布料，合身剪裁，方領，細肩帶，兩側開衩。', '萊賽爾 77%, 聚醯胺纖維 23%', 'FP2_80100007_beige_0.jpg', 'FP2_80100007_beige_1.jpg', 'FP2_80100007_beige_2.jpg', 'FP2_80100007_beige_3.jpg', '1999', 0, 'FP2_80100007', '2022-06-29 02:11:20', '2022-06-16 04:04:12', '3.3', 9, '洋裝', 'S'),
(135, 37, '萊賽爾混紡羅紋洋裝', '洋裝', 'Female', '羅紋精織中長版洋裝，萊賽爾混紡布料，合身剪裁，方領，細肩帶，兩側開衩。', '萊賽爾 77%, 聚醯胺纖維 23%', 'FP2_80100007_beige_0.jpg', 'FP2_80100007_beige_1.jpg', 'FP2_80100007_beige_2.jpg', 'FP2_80100007_beige_3.jpg', '1999', 0, 'FP2_80100007', '2022-06-29 02:11:20', '2022-06-16 04:04:12', '3.3', 10, '洋裝', 'M'),
(136, 37, '萊賽爾混紡羅紋洋裝', '洋裝', 'Female', '羅紋精織中長版洋裝，萊賽爾混紡布料，合身剪裁，方領，細肩帶，兩側開衩。', '萊賽爾 77%, 聚醯胺纖維 23%', 'FP2_80100007_beige_0.jpg', 'FP2_80100007_beige_1.jpg', 'FP2_80100007_beige_2.jpg', 'FP2_80100007_beige_3.jpg', '1999', 0, 'FP2_80100007', '2022-06-29 02:11:20', '2022-06-16 04:04:12', '3.3', 11, '洋裝', 'L'),
(137, 38, '棉質T恤洋裝', '洋裝', 'Female', 'T恤短洋裝，厚實棉質平紋布料，直身剪裁，羅紋圓領。無內裡。', '棉 100%', 'FP2_80100008_white_0.jpg', 'FP2_80100008_white_1.jpg', 'FP2_80100008_white_2.jpg', 'FP2_80100008_white_3.jpg', '499', 0, 'FP2_80100008', '2022-06-29 02:11:24', '2022-06-16 05:51:43', '4.17', 9, '洋裝', 'S'),
(138, 38, '棉質T恤洋裝', '洋裝', 'Female', 'T恤短洋裝，厚實棉質平紋布料，直身剪裁，羅紋圓領。無內裡。', '棉 100%', 'FP2_80100008_white_0.jpg', 'FP2_80100008_white_1.jpg', 'FP2_80100008_white_2.jpg', 'FP2_80100008_white_3.jpg', '499', 0, 'FP2_80100008', '2022-06-29 02:11:24', '2022-06-16 05:51:43', '4.17', 10, '洋裝', 'M'),
(139, 38, '棉質T恤洋裝', '洋裝', 'Female', 'T恤短洋裝，厚實棉質平紋布料，直身剪裁，羅紋圓領。無內裡。', '棉 100%', 'FP2_80100008_white_0.jpg', 'FP2_80100008_white_1.jpg', 'FP2_80100008_white_2.jpg', 'FP2_80100008_white_3.jpg', '499', 0, 'FP2_80100008', '2022-06-29 02:11:24', '2022-06-16 05:51:43', '4.17', 11, '洋裝', 'L'),
(140, 39, '加大碼圖案T恤洋裝', '洋裝', 'Female', '超大款短款連衣裙，柔軟針織面料，正面飾有印花圖案。 羅紋圓領、重度落肩和寬袖。', '棉 100%', 'FP2_80100009_blue_0.jpg', 'FP2_80100009_blue_1.jpg', 'FP2_80100009_blue_2.jpg', 'FP2_80100009_blue_3.jpg', '699', 0, 'FP2_80100009', '2022-06-29 02:11:28', '2022-06-16 06:09:52', '4.41', 10, '洋裝', 'M'),
(141, 39, '加大碼圖案T恤洋裝', '洋裝', 'Female', '超大款短款連衣裙，柔軟針織面料，正面飾有印花圖案。 羅紋圓領、重度落肩和寬袖。', '棉 100%', 'FP2_80100009_blue_0.jpg', 'FP2_80100009_blue_1.jpg', 'FP2_80100009_blue_2.jpg', 'FP2_80100009_blue_3.jpg', '699', 0, 'FP2_80100009', '2022-06-29 02:11:28', '2022-06-16 06:09:52', '4.41', 11, '洋裝', 'L'),
(142, 39, '加大碼圖案T恤洋裝', '洋裝', 'Female', '超大款短款連衣裙，柔軟針織面料，正面飾有印花圖案。 羅紋圓領、重度落肩和寬袖。', '棉 100%', 'FP2_80100009_blue_0.jpg', 'FP2_80100009_blue_1.jpg', 'FP2_80100009_blue_2.jpg', 'FP2_80100009_blue_3.jpg', '699', 0, 'FP2_80100009', '2022-06-29 02:11:28', '2022-06-16 06:09:52', '4.41', 9, '洋裝', 'S'),
(143, 40, '百褶洋裝', '洋裝', 'Female', '中長版百褶洋裝，平紋布料，細肩帶，前後開V領，正面縫固交疊式設計有裝飾綁帶。無內裡。', '外層: 再生聚酯纖維 100%', 'FP2_80100010_lightblue_0.jpg', 'FP2_80100010_lightblue_1.jpg', 'FP2_80100010_lightblue_2.jpg', 'FP2_80100010_lightblue_3.jpg', '999', 0, 'FP2_80100010', '2022-06-29 02:11:31', '2022-06-16 06:19:33', '4.3', 9, '洋裝', 'S'),
(144, 40, '百褶洋裝', '洋裝', 'Female', '中長版百褶洋裝，平紋布料，細肩帶，前後開V領，正面縫固交疊式設計有裝飾綁帶。無內裡。', '外層: 再生聚酯纖維 100%', 'FP2_80100010_lightblue_0.jpg', 'FP2_80100010_lightblue_1.jpg', 'FP2_80100010_lightblue_2.jpg', 'FP2_80100010_lightblue_3.jpg', '999', 0, 'FP2_80100010', '2022-06-29 02:11:31', '2022-06-16 06:19:33', '4.3', 10, '洋裝', 'M'),
(145, 40, '百褶洋裝', '洋裝', 'Female', '中長版百褶洋裝，平紋布料，細肩帶，前後開V領，正面縫固交疊式設計有裝飾綁帶。無內裡。', '外層: 再生聚酯纖維 100%', 'FP2_80100010_lightblue_0.jpg', 'FP2_80100010_lightblue_1.jpg', 'FP2_80100010_lightblue_2.jpg', 'FP2_80100010_lightblue_3.jpg', '999', 0, 'FP2_80100010', '2022-06-29 02:11:31', '2022-06-16 06:19:33', '4.3', 11, '洋裝', 'L'),
(146, 41, '交疊式洋裝', '洋裝', 'Female', '平紋中長版洋裝，略帶垂墜感，縫固交疊式V領設計，一側有細綁帶。蝴蝶袖帶柔軟垂墜感，微傘狀裙襬。', '<br>內裡: 聚酯纖維 100%\r\n<br>外層: 聚酯纖維 95%, 彈性纖維 5%', 'FP2_80100011_greige_0.jpg', 'FP2_80100011_greige_1.jpg', 'FP2_80100011_greige_2.jpg', 'FP2_80100011_greige_3.jpg', '799', 0, 'FP2_80100011', '2022-06-29 02:11:33', '2022-06-16 06:40:51', '4.72', 9, '洋裝', 'S'),
(147, 41, '交疊式洋裝', '洋裝', 'Female', '平紋中長版洋裝，略帶垂墜感，縫固交疊式V領設計，一側有細綁帶。蝴蝶袖帶柔軟垂墜感，微傘狀裙襬。', '<br>內裡: 聚酯纖維 100%\r\n<br>外層: 聚酯纖維 95%, 彈性纖維 5%', 'FP2_80100011_greige_0.jpg', 'FP2_80100011_greige_1.jpg', 'FP2_80100011_greige_2.jpg', 'FP2_80100011_greige_3.jpg', '799', 0, 'FP2_80100011', '2022-06-29 02:11:33', '2022-06-16 06:40:51', '4.72', 10, '洋裝', 'M'),
(148, 41, '交疊式洋裝', '洋裝', 'Female', '平紋中長版洋裝，略帶垂墜感，縫固交疊式V領設計，一側有細綁帶。蝴蝶袖帶柔軟垂墜感，微傘狀裙襬。', '<br>內裡: 聚酯纖維 100%\r\n<br>外層: 聚酯纖維 95%, 彈性纖維 5%', 'FP2_80100011_greige_0.jpg', 'FP2_80100011_greige_1.jpg', 'FP2_80100011_greige_2.jpg', 'FP2_80100011_greige_3.jpg', '799', 0, 'FP2_80100011', '2022-06-29 02:11:33', '2022-06-16 06:40:51', '4.72', 11, '洋裝', 'L'),
(149, 42, '綁帶襯衫式洋裝', '洋裝', 'Female', '有領襯衫式洋裝，棉質平織布料，正面隱形鈕扣開襟。低垂肩長袖，袖口配鈕扣。腰部有可拆式綁帶，圓邊裙襬。', '棉 100%', 'FP2_80100012_purple_0.jpg', 'FP2_80100012_purple_1.jpg', 'FP2_80100012_purple_2.jpg', 'FP2_80100012_purple_3.jpg', '799', 0, 'FP2_80100012', '2022-06-29 02:11:37', '2022-06-16 06:46:39', '4.15', 9, '洋裝', 'S');
INSERT INTO `products_all` (`product_all_id`, `product_id`, `product_name`, `product_category`, `product_gender`, `product_description`, `product_composition`, `product_image`, `product_image2`, `product_image3`, `product_image4`, `product_price`, `product_special_offer`, `product_code`, `product_update`, `product_upload`, `product_rating`, `size_id`, `category_name`, `size_name`) VALUES
(150, 42, '綁帶襯衫式洋裝', '洋裝', 'Female', '有領襯衫式洋裝，棉質平織布料，正面隱形鈕扣開襟。低垂肩長袖，袖口配鈕扣。腰部有可拆式綁帶，圓邊裙襬。', '棉 100%', 'FP2_80100012_purple_0.jpg', 'FP2_80100012_purple_1.jpg', 'FP2_80100012_purple_2.jpg', 'FP2_80100012_purple_3.jpg', '799', 0, 'FP2_80100012', '2022-06-29 02:11:37', '2022-06-16 06:46:39', '4.15', 10, '洋裝', 'M'),
(151, 42, '綁帶襯衫式洋裝', '洋裝', 'Female', '有領襯衫式洋裝，棉質平織布料，正面隱形鈕扣開襟。低垂肩長袖，袖口配鈕扣。腰部有可拆式綁帶，圓邊裙襬。', '棉 100%', 'FP2_80100012_purple_0.jpg', 'FP2_80100012_purple_1.jpg', 'FP2_80100012_purple_2.jpg', 'FP2_80100012_purple_3.jpg', '799', 0, 'FP2_80100012', '2022-06-29 02:11:37', '2022-06-16 06:46:39', '4.15', 11, '洋裝', 'L'),
(152, 43, '連帽上衣', '上衣', 'Female', '汗衫布料寬鬆上衣，連衣帽有內裡和抽繩，有袋鼠袋，羅紋袖口和下襬。', '棉 60%, 聚酯纖維 40%', 'FP2_80100013_beige_0.jpg', 'FP2_80100013_beige_1.jpg', 'FP2_80100013_beige_2.jpg', 'FP2_80100013_beige_3.jpg', '699', 0, 'FP2_80100013', '2022-06-16 06:53:56', '2022-06-16 06:53:56', '4.87', 1, '上衣', 'S'),
(153, 43, '連帽上衣', '上衣', 'Female', '汗衫布料寬鬆上衣，連衣帽有內裡和抽繩，有袋鼠袋，羅紋袖口和下襬。', '棉 60%, 聚酯纖維 40%', 'FP2_80100013_beige_0.jpg', 'FP2_80100013_beige_1.jpg', 'FP2_80100013_beige_2.jpg', 'FP2_80100013_beige_3.jpg', '699', 0, 'FP2_80100013', '2022-06-16 06:53:56', '2022-06-16 06:53:56', '4.87', 3, '上衣', 'L'),
(154, 43, '連帽上衣', '上衣', 'Female', '汗衫布料寬鬆上衣，連衣帽有內裡和抽繩，有袋鼠袋，羅紋袖口和下襬。', '棉 60%, 聚酯纖維 40%', 'FP2_80100013_beige_0.jpg', 'FP2_80100013_beige_1.jpg', 'FP2_80100013_beige_2.jpg', 'FP2_80100013_beige_3.jpg', '699', 0, 'FP2_80100013', '2022-06-16 06:53:56', '2022-06-16 06:53:56', '4.87', 2, '上衣', 'M'),
(155, 44, '百褶裙', '裙子', 'Female', '雪紡百褶中長裙，高腰剪裁，鬆緊帶腰圍。綢緞內裡。', '<br>外層: 聚酯纖維 96%, 彈性纖維 4%\r\n<br>內裡: 聚酯纖維 89%, 彈性纖維 11%', 'FP2_80200001_lightgrey_0.jpg', 'FP2_80200001_lightgrey_1.jpg', 'FP2_80200001_lightgrey_2.jpg', 'FP2_80200001_lightgrey_3.jpg', '999', 0, 'FP2_80200001', '2022-06-16 06:58:56', '2022-06-16 06:58:56', '4.69', 12, '裙子', 'S'),
(156, 44, '百褶裙', '裙子', 'Female', '雪紡百褶中長裙，高腰剪裁，鬆緊帶腰圍。綢緞內裡。', '<br>外層: 聚酯纖維 96%, 彈性纖維 4%\r\n<br>內裡: 聚酯纖維 89%, 彈性纖維 11%', 'FP2_80200001_lightgrey_0.jpg', 'FP2_80200001_lightgrey_1.jpg', 'FP2_80200001_lightgrey_2.jpg', 'FP2_80200001_lightgrey_3.jpg', '999', 0, 'FP2_80200001', '2022-06-16 06:58:56', '2022-06-16 06:58:56', '4.69', 14, '裙子', 'L'),
(157, 44, '百褶裙', '裙子', 'Female', '雪紡百褶中長裙，高腰剪裁，鬆緊帶腰圍。綢緞內裡。', '<br>外層: 聚酯纖維 96%, 彈性纖維 4%\r\n<br>內裡: 聚酯纖維 89%, 彈性纖維 11%', 'FP2_80200001_lightgrey_0.jpg', 'FP2_80200001_lightgrey_1.jpg', 'FP2_80200001_lightgrey_2.jpg', 'FP2_80200001_lightgrey_3.jpg', '999', 0, 'FP2_80200001', '2022-06-16 06:58:56', '2022-06-16 06:58:56', '4.69', 13, '裙子', 'M'),
(158, 45, '紋理感平織裙', '裙子', 'Female', '高腰短裙，紋理感平織布料，貼身剪裁，一側有隱形拉鍊。有內裡。', '<br>內裡: 聚酯纖維 100%\r\n<br>外層: 聚酯纖維 82%, 棉 18%', 'FP2_80200002_beige_0.jpg', 'FP2_80200002_beige_1.jpg', 'FP2_80200002_beige_2.jpg', 'FP2_80200002_beige_3.jpg', '999', 0, 'FP2_80200002', '2022-06-16 07:03:47', '2022-06-16 07:03:47', '4.32', 13, '裙子', 'M'),
(159, 45, '紋理感平織裙', '裙子', 'Female', '高腰短裙，紋理感平織布料，貼身剪裁，一側有隱形拉鍊。有內裡。', '<br>內裡: 聚酯纖維 100%\r\n<br>外層: 聚酯纖維 82%, 棉 18%', 'FP2_80200002_beige_0.jpg', 'FP2_80200002_beige_1.jpg', 'FP2_80200002_beige_2.jpg', 'FP2_80200002_beige_3.jpg', '999', 0, 'FP2_80200002', '2022-06-16 07:03:47', '2022-06-16 07:03:47', '4.32', 12, '裙子', 'S'),
(160, 45, '紋理感平織裙', '裙子', 'Female', '高腰短裙，紋理感平織布料，貼身剪裁，一側有隱形拉鍊。有內裡。', '<br>內裡: 聚酯纖維 100%\r\n<br>外層: 聚酯纖維 82%, 棉 18%', 'FP2_80200002_beige_0.jpg', 'FP2_80200002_beige_1.jpg', 'FP2_80200002_beige_2.jpg', 'FP2_80200002_beige_3.jpg', '999', 0, 'FP2_80200002', '2022-06-16 07:03:47', '2022-06-16 07:03:47', '4.32', 14, '裙子', 'L'),
(161, 46, '斜紋短裙', '裙子', 'Female', '百褶短裙，彈性斜紋布料，一側有單顆鈕扣和隱形拉鍊。無內裡。', '聚酯纖維 98%, 彈性纖維 2%', 'FP2_80200003_blue_0.jpg', 'FP2_80200003_blue_1.jpg', 'FP2_80200003_blue_2.jpg', 'FP2_80200003_blue_3.jpg', '699', 0, 'FP2_80200003', '2022-06-16 07:06:56', '2022-06-16 07:06:56', '3.99', 13, '裙子', 'M'),
(162, 46, '斜紋短裙', '裙子', 'Female', '百褶短裙，彈性斜紋布料，一側有單顆鈕扣和隱形拉鍊。無內裡。', '聚酯纖維 98%, 彈性纖維 2%', 'FP2_80200003_blue_0.jpg', 'FP2_80200003_blue_1.jpg', 'FP2_80200003_blue_2.jpg', 'FP2_80200003_blue_3.jpg', '699', 0, 'FP2_80200003', '2022-06-16 07:06:56', '2022-06-16 07:06:56', '3.99', 12, '裙子', 'S'),
(163, 46, '斜紋短裙', '裙子', 'Female', '百褶短裙，彈性斜紋布料，一側有單顆鈕扣和隱形拉鍊。無內裡。', '聚酯纖維 98%, 彈性纖維 2%', 'FP2_80200003_blue_0.jpg', 'FP2_80200003_blue_1.jpg', 'FP2_80200003_blue_2.jpg', 'FP2_80200003_blue_3.jpg', '699', 0, 'FP2_80200003', '2022-06-16 07:06:56', '2022-06-16 07:06:56', '3.99', 14, '裙子', 'L'),
(164, 47, '及地長裙', '裙子', 'Female', '褶縐平織裙，長度及踝，高腰剪裁，覆面鬆緊帶腰圍。傘狀裙襬有抓皺縫線，可增加豐盈感和蓬度。', '嫘縈 72%, 聚醯胺纖維 28%', 'FP2_80200004_white_0.jpg', 'FP2_80200004_white_1.jpg', 'FP2_80200004_white_2.jpg', 'FP2_80200004_white_3.jpg', '1499', 0, 'FP2_80200004', '2022-06-16 07:10:11', '2022-06-16 07:10:11', '4.08', 12, '裙子', 'S'),
(165, 47, '及地長裙', '裙子', 'Female', '褶縐平織裙，長度及踝，高腰剪裁，覆面鬆緊帶腰圍。傘狀裙襬有抓皺縫線，可增加豐盈感和蓬度。', '嫘縈 72%, 聚醯胺纖維 28%', 'FP2_80200004_white_0.jpg', 'FP2_80200004_white_1.jpg', 'FP2_80200004_white_2.jpg', 'FP2_80200004_white_3.jpg', '1499', 0, 'FP2_80200004', '2022-06-16 07:10:11', '2022-06-16 07:10:11', '4.08', 14, '裙子', 'L'),
(166, 47, '及地長裙', '裙子', 'Female', '褶縐平織裙，長度及踝，高腰剪裁，覆面鬆緊帶腰圍。傘狀裙襬有抓皺縫線，可增加豐盈感和蓬度。', '嫘縈 72%, 聚醯胺纖維 28%', 'FP2_80200004_white_0.jpg', 'FP2_80200004_white_1.jpg', 'FP2_80200004_white_2.jpg', 'FP2_80200004_white_3.jpg', '1499', 0, 'FP2_80200004', '2022-06-16 07:10:11', '2022-06-16 07:10:11', '4.08', 13, '裙子', 'M'),
(167, 48, '中長裙', '裙子', 'Female', '中長裙，平織布料，高腰休閒剪裁，覆面鬆緊帶腰圍配抽繩。有內裡。', '聚酯纖維 67%, 聚醯胺纖維 33%', 'FP2_80200005_white_0.jpg', 'FP2_80200005_white_1.jpg', 'FP2_80200005_white_2.jpg', 'FP2_80200005_white_3.jpg', '999', 0, 'FP2_80200005', '2022-06-16 07:32:04', '2022-06-16 07:31:18', '3.23', 14, '裙子', 'L'),
(168, 48, '中長裙', '裙子', 'Female', '中長裙，平織布料，高腰休閒剪裁，覆面鬆緊帶腰圍配抽繩。有內裡。', '聚酯纖維 67%, 聚醯胺纖維 33%', 'FP2_80200005_white_0.jpg', 'FP2_80200005_white_1.jpg', 'FP2_80200005_white_2.jpg', 'FP2_80200005_white_3.jpg', '999', 0, 'FP2_80200005', '2022-06-16 07:32:04', '2022-06-16 07:31:18', '3.23', 13, '裙子', 'M'),
(169, 48, '中長裙', '裙子', 'Female', '中長裙，平織布料，高腰休閒剪裁，覆面鬆緊帶腰圍配抽繩。有內裡。', '聚酯纖維 67%, 聚醯胺纖維 33%', 'FP2_80200005_white_0.jpg', 'FP2_80200005_white_1.jpg', 'FP2_80200005_white_2.jpg', 'FP2_80200005_white_3.jpg', '999', 0, 'FP2_80200005', '2022-06-16 07:32:04', '2022-06-16 07:31:18', '3.23', 12, '裙子', 'S'),
(170, 49, '懶人鞋', '鞋', 'Female', '棉質斜紋懶人鞋，兩側鑲鬆緊帶，有後跟拉環。棉質帆布內裡和內底，平滑鞋底下方有溝槽設計。', '<br>鞋幫: 棉 100%\r\n<br>內裡: 棉 100%\r\n<br>鞋底: 熱塑性橡膠 100%', 'FP2_80300001_beige_0.jpg', 'FP2_80300001_beige_1.jpg', 'FP2_80300001_beige_2.jpg', 'FP2_80300001_beige_3.jpg', '499', 0, 'FP2_80300001', '2022-06-16 08:20:06', '2022-06-16 07:40:39', '4.58', 21, '鞋', '9'),
(171, 49, '懶人鞋', '鞋', 'Female', '棉質斜紋懶人鞋，兩側鑲鬆緊帶，有後跟拉環。棉質帆布內裡和內底，平滑鞋底下方有溝槽設計。', '<br>鞋幫: 棉 100%\r\n<br>內裡: 棉 100%\r\n<br>鞋底: 熱塑性橡膠 100%', 'FP2_80300001_beige_0.jpg', 'FP2_80300001_beige_1.jpg', 'FP2_80300001_beige_2.jpg', 'FP2_80300001_beige_3.jpg', '499', 0, 'FP2_80300001', '2022-06-16 08:20:06', '2022-06-16 07:40:39', '4.58', 23, '鞋', '10'),
(172, 49, '懶人鞋', '鞋', 'Female', '棉質斜紋懶人鞋，兩側鑲鬆緊帶，有後跟拉環。棉質帆布內裡和內底，平滑鞋底下方有溝槽設計。', '<br>鞋幫: 棉 100%\r\n<br>內裡: 棉 100%\r\n<br>鞋底: 熱塑性橡膠 100%', 'FP2_80300001_beige_0.jpg', 'FP2_80300001_beige_1.jpg', 'FP2_80300001_beige_2.jpg', 'FP2_80300001_beige_3.jpg', '499', 0, 'FP2_80300001', '2022-06-16 08:20:06', '2022-06-16 07:40:39', '4.58', 17, '鞋', '7'),
(173, 49, '懶人鞋', '鞋', 'Female', '棉質斜紋懶人鞋，兩側鑲鬆緊帶，有後跟拉環。棉質帆布內裡和內底，平滑鞋底下方有溝槽設計。', '<br>鞋幫: 棉 100%\r\n<br>內裡: 棉 100%\r\n<br>鞋底: 熱塑性橡膠 100%', 'FP2_80300001_beige_0.jpg', 'FP2_80300001_beige_1.jpg', 'FP2_80300001_beige_2.jpg', 'FP2_80300001_beige_3.jpg', '499', 0, 'FP2_80300001', '2022-06-16 08:20:06', '2022-06-16 07:40:39', '4.58', 19, '鞋', '8'),
(174, 49, '懶人鞋', '鞋', 'Female', '棉質斜紋懶人鞋，兩側鑲鬆緊帶，有後跟拉環。棉質帆布內裡和內底，平滑鞋底下方有溝槽設計。', '<br>鞋幫: 棉 100%\r\n<br>內裡: 棉 100%\r\n<br>鞋底: 熱塑性橡膠 100%', 'FP2_80300001_beige_0.jpg', 'FP2_80300001_beige_1.jpg', 'FP2_80300001_beige_2.jpg', 'FP2_80300001_beige_3.jpg', '499', 0, 'FP2_80300001', '2022-06-16 08:20:06', '2022-06-16 07:40:39', '4.58', 15, '鞋', '6'),
(175, 49, '懶人鞋', '鞋', 'Female', '棉質斜紋懶人鞋，兩側鑲鬆緊帶，有後跟拉環。棉質帆布內裡和內底，平滑鞋底下方有溝槽設計。', '<br>鞋幫: 棉 100%\r\n<br>內裡: 棉 100%\r\n<br>鞋底: 熱塑性橡膠 100%', 'FP2_80300001_beige_0.jpg', 'FP2_80300001_beige_1.jpg', 'FP2_80300001_beige_2.jpg', 'FP2_80300001_beige_3.jpg', '499', 0, 'FP2_80300001', '2022-06-16 08:20:06', '2022-06-16 07:40:39', '4.58', 18, '鞋', '7.5'),
(176, 49, '懶人鞋', '鞋', 'Female', '棉質斜紋懶人鞋，兩側鑲鬆緊帶，有後跟拉環。棉質帆布內裡和內底，平滑鞋底下方有溝槽設計。', '<br>鞋幫: 棉 100%\r\n<br>內裡: 棉 100%\r\n<br>鞋底: 熱塑性橡膠 100%', 'FP2_80300001_beige_0.jpg', 'FP2_80300001_beige_1.jpg', 'FP2_80300001_beige_2.jpg', 'FP2_80300001_beige_3.jpg', '499', 0, 'FP2_80300001', '2022-06-16 08:20:06', '2022-06-16 07:40:39', '4.58', 24, '鞋', '10.5'),
(177, 49, '懶人鞋', '鞋', 'Female', '棉質斜紋懶人鞋，兩側鑲鬆緊帶，有後跟拉環。棉質帆布內裡和內底，平滑鞋底下方有溝槽設計。', '<br>鞋幫: 棉 100%\r\n<br>內裡: 棉 100%\r\n<br>鞋底: 熱塑性橡膠 100%', 'FP2_80300001_beige_0.jpg', 'FP2_80300001_beige_1.jpg', 'FP2_80300001_beige_2.jpg', 'FP2_80300001_beige_3.jpg', '499', 0, 'FP2_80300001', '2022-06-16 08:20:06', '2022-06-16 07:40:39', '4.58', 20, '鞋', '8.5'),
(178, 49, '懶人鞋', '鞋', 'Female', '棉質斜紋懶人鞋，兩側鑲鬆緊帶，有後跟拉環。棉質帆布內裡和內底，平滑鞋底下方有溝槽設計。', '<br>鞋幫: 棉 100%\r\n<br>內裡: 棉 100%\r\n<br>鞋底: 熱塑性橡膠 100%', 'FP2_80300001_beige_0.jpg', 'FP2_80300001_beige_1.jpg', 'FP2_80300001_beige_2.jpg', 'FP2_80300001_beige_3.jpg', '499', 0, 'FP2_80300001', '2022-06-16 08:20:06', '2022-06-16 07:40:39', '4.58', 22, '鞋', '9.5'),
(179, 49, '懶人鞋', '鞋', 'Female', '棉質斜紋懶人鞋，兩側鑲鬆緊帶，有後跟拉環。棉質帆布內裡和內底，平滑鞋底下方有溝槽設計。', '<br>鞋幫: 棉 100%\r\n<br>內裡: 棉 100%\r\n<br>鞋底: 熱塑性橡膠 100%', 'FP2_80300001_beige_0.jpg', 'FP2_80300001_beige_1.jpg', 'FP2_80300001_beige_2.jpg', 'FP2_80300001_beige_3.jpg', '499', 0, 'FP2_80300001', '2022-06-16 08:20:06', '2022-06-16 07:40:39', '4.58', 16, '鞋', '6.5'),
(180, 50, '人字拖', '鞋', 'Female', '仿皮人字拖，細夾腳帶，鞋面有鋪棉寬飾帶。平紋內裡，仿皮內底。鞋底高1.5公分。', '<br>鞋底: 熱塑性橡膠 100%\r\n<br>內裡: 聚酯纖維 100%\r\n<br>鞋幫: 聚氨酯 100%', 'FP2_80300002_beige_0.jpg', 'FP2_80300002_beige_1.jpg', 'FP2_80300002_beige_2.jpg', '', '699', 0, 'FP2_80300002', '2022-06-16 08:20:58', '2022-06-16 07:44:07', '3.69', 21, '鞋', '9'),
(181, 50, '人字拖', '鞋', 'Female', '仿皮人字拖，細夾腳帶，鞋面有鋪棉寬飾帶。平紋內裡，仿皮內底。鞋底高1.5公分。', '<br>鞋底: 熱塑性橡膠 100%\r\n<br>內裡: 聚酯纖維 100%\r\n<br>鞋幫: 聚氨酯 100%', 'FP2_80300002_beige_0.jpg', 'FP2_80300002_beige_1.jpg', 'FP2_80300002_beige_2.jpg', '', '699', 0, 'FP2_80300002', '2022-06-16 08:20:58', '2022-06-16 07:44:07', '3.69', 17, '鞋', '7'),
(182, 50, '人字拖', '鞋', 'Female', '仿皮人字拖，細夾腳帶，鞋面有鋪棉寬飾帶。平紋內裡，仿皮內底。鞋底高1.5公分。', '<br>鞋底: 熱塑性橡膠 100%\r\n<br>內裡: 聚酯纖維 100%\r\n<br>鞋幫: 聚氨酯 100%', 'FP2_80300002_beige_0.jpg', 'FP2_80300002_beige_1.jpg', 'FP2_80300002_beige_2.jpg', '', '699', 0, 'FP2_80300002', '2022-06-16 08:20:58', '2022-06-16 07:44:07', '3.69', 23, '鞋', '10'),
(183, 50, '人字拖', '鞋', 'Female', '仿皮人字拖，細夾腳帶，鞋面有鋪棉寬飾帶。平紋內裡，仿皮內底。鞋底高1.5公分。', '<br>鞋底: 熱塑性橡膠 100%\r\n<br>內裡: 聚酯纖維 100%\r\n<br>鞋幫: 聚氨酯 100%', 'FP2_80300002_beige_0.jpg', 'FP2_80300002_beige_1.jpg', 'FP2_80300002_beige_2.jpg', '', '699', 0, 'FP2_80300002', '2022-06-16 08:20:58', '2022-06-16 07:44:07', '3.69', 19, '鞋', '8'),
(184, 50, '人字拖', '鞋', 'Female', '仿皮人字拖，細夾腳帶，鞋面有鋪棉寬飾帶。平紋內裡，仿皮內底。鞋底高1.5公分。', '<br>鞋底: 熱塑性橡膠 100%\r\n<br>內裡: 聚酯纖維 100%\r\n<br>鞋幫: 聚氨酯 100%', 'FP2_80300002_beige_0.jpg', 'FP2_80300002_beige_1.jpg', 'FP2_80300002_beige_2.jpg', '', '699', 0, 'FP2_80300002', '2022-06-16 08:20:58', '2022-06-16 07:44:07', '3.69', 15, '鞋', '6'),
(185, 50, '人字拖', '鞋', 'Female', '仿皮人字拖，細夾腳帶，鞋面有鋪棉寬飾帶。平紋內裡，仿皮內底。鞋底高1.5公分。', '<br>鞋底: 熱塑性橡膠 100%\r\n<br>內裡: 聚酯纖維 100%\r\n<br>鞋幫: 聚氨酯 100%', 'FP2_80300002_beige_0.jpg', 'FP2_80300002_beige_1.jpg', 'FP2_80300002_beige_2.jpg', '', '699', 0, 'FP2_80300002', '2022-06-16 08:20:58', '2022-06-16 07:44:07', '3.69', 24, '鞋', '10.5'),
(186, 50, '人字拖', '鞋', 'Female', '仿皮人字拖，細夾腳帶，鞋面有鋪棉寬飾帶。平紋內裡，仿皮內底。鞋底高1.5公分。', '<br>鞋底: 熱塑性橡膠 100%\r\n<br>內裡: 聚酯纖維 100%\r\n<br>鞋幫: 聚氨酯 100%', 'FP2_80300002_beige_0.jpg', 'FP2_80300002_beige_1.jpg', 'FP2_80300002_beige_2.jpg', '', '699', 0, 'FP2_80300002', '2022-06-16 08:20:58', '2022-06-16 07:44:07', '3.69', 18, '鞋', '7.5'),
(187, 50, '人字拖', '鞋', 'Female', '仿皮人字拖，細夾腳帶，鞋面有鋪棉寬飾帶。平紋內裡，仿皮內底。鞋底高1.5公分。', '<br>鞋底: 熱塑性橡膠 100%\r\n<br>內裡: 聚酯纖維 100%\r\n<br>鞋幫: 聚氨酯 100%', 'FP2_80300002_beige_0.jpg', 'FP2_80300002_beige_1.jpg', 'FP2_80300002_beige_2.jpg', '', '699', 0, 'FP2_80300002', '2022-06-16 08:20:58', '2022-06-16 07:44:07', '3.69', 20, '鞋', '8.5'),
(188, 50, '人字拖', '鞋', 'Female', '仿皮人字拖，細夾腳帶，鞋面有鋪棉寬飾帶。平紋內裡，仿皮內底。鞋底高1.5公分。', '<br>鞋底: 熱塑性橡膠 100%\r\n<br>內裡: 聚酯纖維 100%\r\n<br>鞋幫: 聚氨酯 100%', 'FP2_80300002_beige_0.jpg', 'FP2_80300002_beige_1.jpg', 'FP2_80300002_beige_2.jpg', '', '699', 0, 'FP2_80300002', '2022-06-16 08:20:58', '2022-06-16 07:44:07', '3.69', 22, '鞋', '9.5'),
(189, 50, '人字拖', '鞋', 'Female', '仿皮人字拖，細夾腳帶，鞋面有鋪棉寬飾帶。平紋內裡，仿皮內底。鞋底高1.5公分。', '<br>鞋底: 熱塑性橡膠 100%\r\n<br>內裡: 聚酯纖維 100%\r\n<br>鞋幫: 聚氨酯 100%', 'FP2_80300002_beige_0.jpg', 'FP2_80300002_beige_1.jpg', 'FP2_80300002_beige_2.jpg', '', '699', 0, 'FP2_80300002', '2022-06-16 08:20:58', '2022-06-16 07:44:07', '3.69', 16, '鞋', '6.5'),
(190, 51, '編織涼鞋', '鞋', 'Female', '編織草編拖鞋，露趾和交叉腳帶。人造皮革鞋墊和凹槽鞋底。鞋底厚度1.9公分', '<br>鞋墊: 仿皮 100%\r\n<br>內裡: 聚丙烯 100%\r\n<br>鞋底: 熱塑性橡膠 100%\r\n<br>鞋幫: 聚丙烯 100%', 'FP2_80300003_beige_0.jpg', 'FP2_80300003_beige_1.jpg', 'FP2_80300003_beige_2.jpg', 'FP2_80300003_beige_3.jpg', '999', 0, 'FP2_80300003', '2022-06-16 08:22:09', '2022-06-16 07:49:32', '3.26', 24, '鞋', '10.5'),
(191, 51, '編織涼鞋', '鞋', 'Female', '編織草編拖鞋，露趾和交叉腳帶。人造皮革鞋墊和凹槽鞋底。鞋底厚度1.9公分', '<br>鞋墊: 仿皮 100%\r\n<br>內裡: 聚丙烯 100%\r\n<br>鞋底: 熱塑性橡膠 100%\r\n<br>鞋幫: 聚丙烯 100%', 'FP2_80300003_beige_0.jpg', 'FP2_80300003_beige_1.jpg', 'FP2_80300003_beige_2.jpg', 'FP2_80300003_beige_3.jpg', '999', 0, 'FP2_80300003', '2022-06-16 08:22:09', '2022-06-16 07:49:32', '3.26', 20, '鞋', '8.5'),
(192, 51, '編織涼鞋', '鞋', 'Female', '編織草編拖鞋，露趾和交叉腳帶。人造皮革鞋墊和凹槽鞋底。鞋底厚度1.9公分', '<br>鞋墊: 仿皮 100%\r\n<br>內裡: 聚丙烯 100%\r\n<br>鞋底: 熱塑性橡膠 100%\r\n<br>鞋幫: 聚丙烯 100%', 'FP2_80300003_beige_0.jpg', 'FP2_80300003_beige_1.jpg', 'FP2_80300003_beige_2.jpg', 'FP2_80300003_beige_3.jpg', '999', 0, 'FP2_80300003', '2022-06-16 08:22:09', '2022-06-16 07:49:32', '3.26', 16, '鞋', '6.5'),
(193, 51, '編織涼鞋', '鞋', 'Female', '編織草編拖鞋，露趾和交叉腳帶。人造皮革鞋墊和凹槽鞋底。鞋底厚度1.9公分', '<br>鞋墊: 仿皮 100%\r\n<br>內裡: 聚丙烯 100%\r\n<br>鞋底: 熱塑性橡膠 100%\r\n<br>鞋幫: 聚丙烯 100%', 'FP2_80300003_beige_0.jpg', 'FP2_80300003_beige_1.jpg', 'FP2_80300003_beige_2.jpg', 'FP2_80300003_beige_3.jpg', '999', 0, 'FP2_80300003', '2022-06-16 08:22:09', '2022-06-16 07:49:32', '3.26', 22, '鞋', '9.5'),
(194, 51, '編織涼鞋', '鞋', 'Female', '編織草編拖鞋，露趾和交叉腳帶。人造皮革鞋墊和凹槽鞋底。鞋底厚度1.9公分', '<br>鞋墊: 仿皮 100%\r\n<br>內裡: 聚丙烯 100%\r\n<br>鞋底: 熱塑性橡膠 100%\r\n<br>鞋幫: 聚丙烯 100%', 'FP2_80300003_beige_0.jpg', 'FP2_80300003_beige_1.jpg', 'FP2_80300003_beige_2.jpg', 'FP2_80300003_beige_3.jpg', '999', 0, 'FP2_80300003', '2022-06-16 08:22:09', '2022-06-16 07:49:32', '3.26', 18, '鞋', '7.5'),
(195, 51, '編織涼鞋', '鞋', 'Female', '編織草編拖鞋，露趾和交叉腳帶。人造皮革鞋墊和凹槽鞋底。鞋底厚度1.9公分', '<br>鞋墊: 仿皮 100%\r\n<br>內裡: 聚丙烯 100%\r\n<br>鞋底: 熱塑性橡膠 100%\r\n<br>鞋幫: 聚丙烯 100%', 'FP2_80300003_beige_0.jpg', 'FP2_80300003_beige_1.jpg', 'FP2_80300003_beige_2.jpg', 'FP2_80300003_beige_3.jpg', '999', 0, 'FP2_80300003', '2022-06-16 08:22:09', '2022-06-16 07:49:32', '3.26', 21, '鞋', '9'),
(196, 51, '編織涼鞋', '鞋', 'Female', '編織草編拖鞋，露趾和交叉腳帶。人造皮革鞋墊和凹槽鞋底。鞋底厚度1.9公分', '<br>鞋墊: 仿皮 100%\r\n<br>內裡: 聚丙烯 100%\r\n<br>鞋底: 熱塑性橡膠 100%\r\n<br>鞋幫: 聚丙烯 100%', 'FP2_80300003_beige_0.jpg', 'FP2_80300003_beige_1.jpg', 'FP2_80300003_beige_2.jpg', 'FP2_80300003_beige_3.jpg', '999', 0, 'FP2_80300003', '2022-06-16 08:22:09', '2022-06-16 07:49:32', '3.26', 23, '鞋', '10'),
(197, 51, '編織涼鞋', '鞋', 'Female', '編織草編拖鞋，露趾和交叉腳帶。人造皮革鞋墊和凹槽鞋底。鞋底厚度1.9公分', '<br>鞋墊: 仿皮 100%\r\n<br>內裡: 聚丙烯 100%\r\n<br>鞋底: 熱塑性橡膠 100%\r\n<br>鞋幫: 聚丙烯 100%', 'FP2_80300003_beige_0.jpg', 'FP2_80300003_beige_1.jpg', 'FP2_80300003_beige_2.jpg', 'FP2_80300003_beige_3.jpg', '999', 0, 'FP2_80300003', '2022-06-16 08:22:09', '2022-06-16 07:49:32', '3.26', 17, '鞋', '7'),
(198, 51, '編織涼鞋', '鞋', 'Female', '編織草編拖鞋，露趾和交叉腳帶。人造皮革鞋墊和凹槽鞋底。鞋底厚度1.9公分', '<br>鞋墊: 仿皮 100%\r\n<br>內裡: 聚丙烯 100%\r\n<br>鞋底: 熱塑性橡膠 100%\r\n<br>鞋幫: 聚丙烯 100%', 'FP2_80300003_beige_0.jpg', 'FP2_80300003_beige_1.jpg', 'FP2_80300003_beige_2.jpg', 'FP2_80300003_beige_3.jpg', '999', 0, 'FP2_80300003', '2022-06-16 08:22:09', '2022-06-16 07:49:32', '3.26', 19, '鞋', '8'),
(199, 51, '編織涼鞋', '鞋', 'Female', '編織草編拖鞋，露趾和交叉腳帶。人造皮革鞋墊和凹槽鞋底。鞋底厚度1.9公分', '<br>鞋墊: 仿皮 100%\r\n<br>內裡: 聚丙烯 100%\r\n<br>鞋底: 熱塑性橡膠 100%\r\n<br>鞋幫: 聚丙烯 100%', 'FP2_80300003_beige_0.jpg', 'FP2_80300003_beige_1.jpg', 'FP2_80300003_beige_2.jpg', 'FP2_80300003_beige_3.jpg', '999', 0, 'FP2_80300003', '2022-06-16 08:22:09', '2022-06-16 07:49:32', '3.26', 15, '鞋', '6'),
(200, 52, '紋理感戲水鞋', '鞋', 'Female', '塑膠戲水鞋，鞋面有紋理感飾帶，壓模花紋鞋底有溝槽設計。鞋底高4公分。', '<br>外層: 乙烯-醋酸乙烯酯共聚物 100%\r\n<br>內裡: 乙烯-醋酸乙烯酯共聚物 100%\r\n<br>鞋底: 乙烯-醋酸乙烯酯共聚物 100%\r\n<br>鞋墊: 乙烯-醋酸乙烯酯共聚物 100%', 'FP2_80300004_beige_0.jpg', 'FP2_80300004_beige_1.jpg', 'FP2_80300004_beige_2.jpg', 'FP2_80300004_beige_3.jpg', '499', 0, 'FP2_80300004', '2022-06-16 08:22:46', '2022-06-16 07:54:44', '3.98', 24, '鞋', '10.5'),
(201, 52, '紋理感戲水鞋', '鞋', 'Female', '塑膠戲水鞋，鞋面有紋理感飾帶，壓模花紋鞋底有溝槽設計。鞋底高4公分。', '<br>外層: 乙烯-醋酸乙烯酯共聚物 100%\r\n<br>內裡: 乙烯-醋酸乙烯酯共聚物 100%\r\n<br>鞋底: 乙烯-醋酸乙烯酯共聚物 100%\r\n<br>鞋墊: 乙烯-醋酸乙烯酯共聚物 100%', 'FP2_80300004_beige_0.jpg', 'FP2_80300004_beige_1.jpg', 'FP2_80300004_beige_2.jpg', 'FP2_80300004_beige_3.jpg', '499', 0, 'FP2_80300004', '2022-06-16 08:22:46', '2022-06-16 07:54:44', '3.98', 20, '鞋', '8.5'),
(202, 52, '紋理感戲水鞋', '鞋', 'Female', '塑膠戲水鞋，鞋面有紋理感飾帶，壓模花紋鞋底有溝槽設計。鞋底高4公分。', '<br>外層: 乙烯-醋酸乙烯酯共聚物 100%\r\n<br>內裡: 乙烯-醋酸乙烯酯共聚物 100%\r\n<br>鞋底: 乙烯-醋酸乙烯酯共聚物 100%\r\n<br>鞋墊: 乙烯-醋酸乙烯酯共聚物 100%', 'FP2_80300004_beige_0.jpg', 'FP2_80300004_beige_1.jpg', 'FP2_80300004_beige_2.jpg', 'FP2_80300004_beige_3.jpg', '499', 0, 'FP2_80300004', '2022-06-16 08:22:46', '2022-06-16 07:54:44', '3.98', 22, '鞋', '9.5'),
(203, 52, '紋理感戲水鞋', '鞋', 'Female', '塑膠戲水鞋，鞋面有紋理感飾帶，壓模花紋鞋底有溝槽設計。鞋底高4公分。', '<br>外層: 乙烯-醋酸乙烯酯共聚物 100%\r\n<br>內裡: 乙烯-醋酸乙烯酯共聚物 100%\r\n<br>鞋底: 乙烯-醋酸乙烯酯共聚物 100%\r\n<br>鞋墊: 乙烯-醋酸乙烯酯共聚物 100%', 'FP2_80300004_beige_0.jpg', 'FP2_80300004_beige_1.jpg', 'FP2_80300004_beige_2.jpg', 'FP2_80300004_beige_3.jpg', '499', 0, 'FP2_80300004', '2022-06-16 08:22:46', '2022-06-16 07:54:44', '3.98', 16, '鞋', '6.5'),
(204, 52, '紋理感戲水鞋', '鞋', 'Female', '塑膠戲水鞋，鞋面有紋理感飾帶，壓模花紋鞋底有溝槽設計。鞋底高4公分。', '<br>外層: 乙烯-醋酸乙烯酯共聚物 100%\r\n<br>內裡: 乙烯-醋酸乙烯酯共聚物 100%\r\n<br>鞋底: 乙烯-醋酸乙烯酯共聚物 100%\r\n<br>鞋墊: 乙烯-醋酸乙烯酯共聚物 100%', 'FP2_80300004_beige_0.jpg', 'FP2_80300004_beige_1.jpg', 'FP2_80300004_beige_2.jpg', 'FP2_80300004_beige_3.jpg', '499', 0, 'FP2_80300004', '2022-06-16 08:22:46', '2022-06-16 07:54:44', '3.98', 18, '鞋', '7.5'),
(205, 52, '紋理感戲水鞋', '鞋', 'Female', '塑膠戲水鞋，鞋面有紋理感飾帶，壓模花紋鞋底有溝槽設計。鞋底高4公分。', '<br>外層: 乙烯-醋酸乙烯酯共聚物 100%\r\n<br>內裡: 乙烯-醋酸乙烯酯共聚物 100%\r\n<br>鞋底: 乙烯-醋酸乙烯酯共聚物 100%\r\n<br>鞋墊: 乙烯-醋酸乙烯酯共聚物 100%', 'FP2_80300004_beige_0.jpg', 'FP2_80300004_beige_1.jpg', 'FP2_80300004_beige_2.jpg', 'FP2_80300004_beige_3.jpg', '499', 0, 'FP2_80300004', '2022-06-16 08:22:46', '2022-06-16 07:54:44', '3.98', 21, '鞋', '9'),
(206, 52, '紋理感戲水鞋', '鞋', 'Female', '塑膠戲水鞋，鞋面有紋理感飾帶，壓模花紋鞋底有溝槽設計。鞋底高4公分。', '<br>外層: 乙烯-醋酸乙烯酯共聚物 100%\r\n<br>內裡: 乙烯-醋酸乙烯酯共聚物 100%\r\n<br>鞋底: 乙烯-醋酸乙烯酯共聚物 100%\r\n<br>鞋墊: 乙烯-醋酸乙烯酯共聚物 100%', 'FP2_80300004_beige_0.jpg', 'FP2_80300004_beige_1.jpg', 'FP2_80300004_beige_2.jpg', 'FP2_80300004_beige_3.jpg', '499', 0, 'FP2_80300004', '2022-06-16 08:22:46', '2022-06-16 07:54:44', '3.98', 23, '鞋', '10'),
(207, 52, '紋理感戲水鞋', '鞋', 'Female', '塑膠戲水鞋，鞋面有紋理感飾帶，壓模花紋鞋底有溝槽設計。鞋底高4公分。', '<br>外層: 乙烯-醋酸乙烯酯共聚物 100%\r\n<br>內裡: 乙烯-醋酸乙烯酯共聚物 100%\r\n<br>鞋底: 乙烯-醋酸乙烯酯共聚物 100%\r\n<br>鞋墊: 乙烯-醋酸乙烯酯共聚物 100%', 'FP2_80300004_beige_0.jpg', 'FP2_80300004_beige_1.jpg', 'FP2_80300004_beige_2.jpg', 'FP2_80300004_beige_3.jpg', '499', 0, 'FP2_80300004', '2022-06-16 08:22:46', '2022-06-16 07:54:44', '3.98', 17, '鞋', '7'),
(208, 52, '紋理感戲水鞋', '鞋', 'Female', '塑膠戲水鞋，鞋面有紋理感飾帶，壓模花紋鞋底有溝槽設計。鞋底高4公分。', '<br>外層: 乙烯-醋酸乙烯酯共聚物 100%\r\n<br>內裡: 乙烯-醋酸乙烯酯共聚物 100%\r\n<br>鞋底: 乙烯-醋酸乙烯酯共聚物 100%\r\n<br>鞋墊: 乙烯-醋酸乙烯酯共聚物 100%', 'FP2_80300004_beige_0.jpg', 'FP2_80300004_beige_1.jpg', 'FP2_80300004_beige_2.jpg', 'FP2_80300004_beige_3.jpg', '499', 0, 'FP2_80300004', '2022-06-16 08:22:46', '2022-06-16 07:54:44', '3.98', 19, '鞋', '8'),
(209, 52, '紋理感戲水鞋', '鞋', 'Female', '塑膠戲水鞋，鞋面有紋理感飾帶，壓模花紋鞋底有溝槽設計。鞋底高4公分。', '<br>外層: 乙烯-醋酸乙烯酯共聚物 100%\r\n<br>內裡: 乙烯-醋酸乙烯酯共聚物 100%\r\n<br>鞋底: 乙烯-醋酸乙烯酯共聚物 100%\r\n<br>鞋墊: 乙烯-醋酸乙烯酯共聚物 100%', 'FP2_80300004_beige_0.jpg', 'FP2_80300004_beige_1.jpg', 'FP2_80300004_beige_2.jpg', 'FP2_80300004_beige_3.jpg', '499', 0, 'FP2_80300004', '2022-06-16 08:22:46', '2022-06-16 07:54:44', '3.98', 15, '鞋', '6'),
(210, 53, '草帽', '帽子', 'Female', '柔軟紙編草帽，有吸汗帶。', '紙 100%', 'FP2_80500001_beige_0.jpg', 'FP2_80500001_beige_1.jpg', '', '', '399', 0, 'FP2_80500001', '2022-06-16 08:33:44', '2022-06-16 08:24:20', '4.88', 8, '帽子', 'ONE SIZE'),
(211, 54, '草帽', '帽子', 'Female', '紙編草帽，帽頂呈凹形，配寬羅緞飾帶。帽簷寬6.5公分。', '紙籐 100%', 'FP2_80500002_beige_0.jpg', 'FP2_80500002_beige_1.jpg', '', '', '399', 0, 'FP2_80500002', '2022-06-16 08:33:19', '2022-06-16 08:33:19', '4.93', 8, '帽子', 'ONE SIZE');

-- --------------------------------------------------------

--
-- 資料表結構 `sizes`
--

CREATE TABLE `sizes` (
  `size_id` int(10) NOT NULL,
  `category_name` varchar(255) COLLATE utf8mb4_unicode_ci NOT NULL,
  `size_name` varchar(255) COLLATE utf8mb4_unicode_ci NOT NULL
) ENGINE=InnoDB DEFAULT CHARSET=utf8mb4 COLLATE=utf8mb4_unicode_ci;

--
-- 傾印資料表的資料 `sizes`
--

INSERT INTO `sizes` (`size_id`, `category_name`, `size_name`) VALUES
(1, '上衣', 'S'),
(2, '上衣', 'M'),
(3, '上衣', 'L'),
(4, '下著', 'S'),
(5, '下著', 'M'),
(6, '下著', 'L'),
(7, '包', 'ONE SIZE'),
(8, '帽子', 'ONE SIZE'),
(9, '洋裝', 'S'),
(10, '洋裝', 'M'),
(11, '洋裝', 'L'),
(12, '裙子', 'S'),
(13, '裙子', 'M'),
(14, '裙子', 'L'),
(15, '鞋', '6'),
(16, '鞋', '6.5'),
(17, '鞋', '7'),
(18, '鞋', '7.5'),
(19, '鞋', '8'),
(20, '鞋', '8.5'),
(21, '鞋', '9'),
(22, '鞋', '9.5'),
(23, '鞋', '10'),
(24, '鞋', '10.5');

--
-- 已傾印資料表的索引
--

--
-- 資料表索引 `categories`
--
ALTER TABLE `categories`
  ADD PRIMARY KEY (`category_id`);

--
-- 資料表索引 `customer_id`
--
ALTER TABLE `customer_id`
  ADD PRIMARY KEY (`id`),
  ADD UNIQUE KEY `cAccount` (`cAccount`);

--
-- 資料表索引 `inventories`
--
ALTER TABLE `inventories`
  ADD PRIMARY KEY (`inventory_id`);

--
-- 資料表索引 `orders`
--
ALTER TABLE `orders`
  ADD PRIMARY KEY (`order_id`);

--
-- 資料表索引 `order_items`
--
ALTER TABLE `order_items`
  ADD PRIMARY KEY (`item_id`);

--
-- 資料表索引 `payments`
--
ALTER TABLE `payments`
  ADD PRIMARY KEY (`payment_id`);

--
-- 資料表索引 `products`
--
ALTER TABLE `products`
  ADD PRIMARY KEY (`product_id`);

--
-- 資料表索引 `products_all`
--
ALTER TABLE `products_all`
  ADD PRIMARY KEY (`product_all_id`);

--
-- 資料表索引 `sizes`
--
ALTER TABLE `sizes`
  ADD PRIMARY KEY (`size_id`);

--
-- 在傾印的資料表使用自動遞增(AUTO_INCREMENT)
--

--
-- 使用資料表自動遞增(AUTO_INCREMENT) `customer_id`
--
ALTER TABLE `customer_id`
  MODIFY `id` int(11) NOT NULL AUTO_INCREMENT, AUTO_INCREMENT=21;

--
-- 使用資料表自動遞增(AUTO_INCREMENT) `inventories`
--
ALTER TABLE `inventories`
  MODIFY `inventory_id` int(11) NOT NULL AUTO_INCREMENT, AUTO_INCREMENT=212;

--
-- 使用資料表自動遞增(AUTO_INCREMENT) `orders`
--
ALTER TABLE `orders`
  MODIFY `order_id` int(11) NOT NULL AUTO_INCREMENT;

--
-- 使用資料表自動遞增(AUTO_INCREMENT) `order_items`
--
ALTER TABLE `order_items`
  MODIFY `item_id` int(11) NOT NULL AUTO_INCREMENT;

--
-- 使用資料表自動遞增(AUTO_INCREMENT) `payments`
--
ALTER TABLE `payments`
  MODIFY `payment_id` int(11) NOT NULL AUTO_INCREMENT;

--
-- 使用資料表自動遞增(AUTO_INCREMENT) `products`
--
ALTER TABLE `products`
  MODIFY `product_id` int(11) NOT NULL AUTO_INCREMENT, AUTO_INCREMENT=55;

--
-- 使用資料表自動遞增(AUTO_INCREMENT) `products_all`
--
ALTER TABLE `products_all`
  MODIFY `product_all_id` int(11) NOT NULL AUTO_INCREMENT, AUTO_INCREMENT=212;
COMMIT;

/*!40101 SET CHARACTER_SET_CLIENT=@OLD_CHARACTER_SET_CLIENT */;
/*!40101 SET CHARACTER_SET_RESULTS=@OLD_CHARACTER_SET_RESULTS */;
/*!40101 SET COLLATION_CONNECTION=@OLD_COLLATION_CONNECTION */;
